"","id","complete","currentTime","startTime","device","browser","headphones","anonymous_id","difficulty","sounds/spontaneous_tap.wav","sounds/ratio/f_2-5_48-120.wav","sounds/ratio/f_2-3_80-120.wav","sounds/ratio/s_3-5_90-150.wav","sounds/ratio/s_2-3_90-135.wav","sounds/ratio/m_3-4_90-120.wav","sounds/ratio/s_2-5_90-225.wav","sounds/ratio/f_3-5_72-120.wav"
"1","e79b2e8c5c28ee0d2d8954ac2ccdbb653443413bcf1f704bc910ef890aa111f5",FALSE,2020-04-27 09:36:21,2020-04-27 09:35:08,"Smartphone (touchscreen)","Safari","in-ear headphones",NA,NA,NA,NA,NA,NA,NA,NA,NA,NA
"2","6614ab7a591d6b4adef6d6a660b94c835e5fdc15b4fa255ca7091cb8af4848f0",FALSE,2020-04-27 09:36:52,2020-04-27 09:35:58,"Smartphone (touchscreen)","Safari","smartphone speakers",NA,NA,NA,NA,NA,NA,NA,NA,NA,NA
"3","15e27e4fc565074fed93e1de0d9d0e73149a48658bf3fee75f04afbfaaa84be4",TRUE,2020-04-27 09:39:30,2020-04-27 09:33:44,"Laptop (touchpad)","Chrome","in-ear headphones","signe","4","1816.384999998263,2328.720000004978,2904.3650000094203,3448.1099999975413,3974.3650000018533,4493.835000001127,5028.690000006463,5555.76000000292,6127.575000005891,6679.09000000509,7181.235000010929,7718.890000003739,8251.935000007506,8819.515000010142,9322.5250000105,9849.310000005062,10409.18000000238,10952.214999997523,11487.710000001243,12022.66500001133,12598.35000000021,13100.940000003902,13636.310000001686,14199.390000008862,14711.049999998068,15246.225000009872,15764.945000002626,16276.20000000752,16843.010000011418,17346.555000010994,17881.46499999857,18434.370000002673,18976.02000000188,19519.80999999796,20062.705000003916,20614.240000009886,21141.485000000102","4663.230000005569,5150.024999995367,5652.425000007497,6147.475000005215,6649.894999995013,7136.4250000042375,7615.489999996498,8125.929999994696,8620.380000007572,9108.384999999544,9609.490000002552,10112.485000005108,10624.645000003511,11126.155000005383,11637.105000001611,12107.56499999843,12609.98500000278,13105.039999994915,13607.554999995045,14102.679999996326,14605.28499999782,15100.21499999857,15603.065000002971,16101.185000006808,16611.830000008922,17098.989999998594,17601.330000004964,18113.970000005793,18607.9000000027,19125.675000002957,19612.81500000041,20124.53000000096,20625.90500000806,21121.045000007143,21615.499999999884,22094.0799999953,22580.49999999639,23090.844999998808","3122.174999996787,3648.4349999955157,4159.86499999417,4638.3050000004005,5100.334999995539,5599.319999993895,6069.625000003725,6629.740000003949,7165.145000006305,7653.0849999981,8121.624999999767,8616.110000002664,9102.87000000244,9602.53499999817,10096.254999996745,10599.090000003343,11110.004999994999,11613.784999994095,12107.539999997243,12586.230000000796,13113.100000002305,13624.605000004522,14095.040000000154","2356.5899999957765,2777.765000006184,3572.694999995292,5235.345000008238,5583.954999994603,5972.875000006752,6476.5950000000885,6986.875000002328,7611.799999998766,8146.529999998165,8706.355000002077,9216.310000003432,9662.720000007539,10116.695000004256,10644.690000000992,11162.550000008196,11616.810000006808,12062.97500000801,12533.565000005183,12987.525000004098","3713.5100000014063,4216.529999990598,4654.559999995399,5108.729999992647,5554.3349999934435,5983.874999990803,6430.114999995567,6859.7849999932805,7281.770000001416,7752.259999993839,8214.509999990696,8660.174999997253,9089.83499999158,9536.28000000026,9958.004999993136,10416.184999994584,10870.069999989937,11324.374999996508,11778.519999992568,12208.090000000084,12645.799999998417","4423.494999995455,5112.844999996014,5786.0599999985425,6447.155000001658,7095.285000003059,7784.939999997732,8449.630000002799,9114.285000003292,9763.200000001234,10431.595000001835,11098.574999996345,11737.529999998515,12418.095000000903","6373.894999996992,6964.76000000257,7520.619999995688,8088.325000004261,8598.790000003646,9134.565000000293,9653.470000004745,10204.51999999932,10756.470000007539,11259.270000009565,11777.935000005527,12304.715000005672,12824.395000003278","4215.17500000482,4660.459999999148,5195.39999999688,5981.679999997141,6703.569999997853,7368.529999992461,8009.389999991981,8617.599999997765,9189.350000000559,9845.289999997476,10478.430000002845,11087.094999995315,11720.759999996517,12327.030000000377,12943.910000001779,13560.175000005984,14192.834999994375,14874.209999994491,15497.564999997849"
"4","1f26e34fa8907f59924c8f8290db9df8bed46e481fdfa35169264d4c25203a19",TRUE,2020-04-27 09:39:44,2020-04-27 09:35:34,"Laptop (touchpad)","Chrome","in-ear headphones","","7","1814.184999995632,2653.7950000201818,3517.619999998715,4232.734999997774,5047.69999999553,5839.955000003101,6574.925000022631,7300.695000012638,8035.81000000122,8806.410000019241,9606.729999999516,10326.215000008233,11059.624999994412,11794.880000001285,12549.86500000814,13260.390000010375,14019.595000019763,14731.2099999981,15489.975000004051,16215.890000021318,16906.62500000326,17625.755000015488,18424.58500000066,19200.190000003204,19950.8050000004,20690.159999998286,21441.78500000271","1622.975000005681,6210.919999983162,7591.114999988349,8628.880000003846,9671.254999993835,10729.149999999208,11923.944999987725,13058.009999978822,14027.029999997467,15174.329999979818,16150.789999985136,17145.16499999445,18065.104999986943,19075.249999994412,20068.25499999104,21037.029999977676,22062.000000005355,23015.099999989616","4092.900000017835,5546.010000020033,7048.100000014529,8489.105000015115,10056.790000002366,11557.950000016717,13031.72500000801","5179.9299999838695,5676.674999995157,6129.104999999981,6605.104999995092,7138.9799999888055,7598.9149999804795,8107.480000006035,8641.109999996843,9177.70999998902,9620.834999979706,10097.699999983888,10607.010000006994,11140.069999994012,11592.009999993024,12027.954999997746,12561.044999980368","5023.519999987911,6354.91500000353,7712.495000014314,8990.354999987176,10319.335000007413,11671.915000013541,12972.000000008848","4392.289999988861,5037.7149999840185,5725.189999997383,6378.770000010263,6999.764999985928,7702.885000006063,8357.0550000004,9034.51500000665,9666.085000004387,10343.809999991208,11013.799999986077,11651.649999985239,12361.81500001112","3790.115000010701,4943.125000019791,6267.055000003893,8944.860000017798,10462.07000000868,11774.135000014212","3160.5100000160746,3684.7600000037346,4258.735000010347,4799.880000005942,5465.8350000099745,6135.655000020051,6700.565000006463,7299.120000010589,8000.370000023395,8607.145000016317,9240.615000016987,10007.500000006985,10604.64000000502,11210.655000002589,11735.500000009779,12294.250000006286,12882.720000023255,13556.995000020834,14154.745000007097,14712.010000017472,15373.53000001167"
"5","40c8885e203f9dc1fd5ea0d366f63706b48935b72b8efa9e053ee37763c8ccb0",TRUE,2020-04-27 09:39:42,2020-04-27 09:34:43,"Laptop (touchpad)","Edge","computer speakers","","7","4226.899780172302,5194.000010572257,6083.9000195586705,6938.100117880793,7804.599918895576,8622.199953330971,9499.699823065515,10365.499966395262,11262.399950461345,12099.30004025012,12976.199933696742,13881.799762728042,14748.19988234574,15624.400118107325,16500.800094244216,17327.30009160115,18203.199772847234,19083.199984292616,19886.599950612377,20702.199938227713,21527.700100965157","3883.3002698194177,4396.799925087922,4869.89991836698,5403.000183504395,5885.800233949238,6420.499932412989,6944.00019936281,7437.4000826147385,7879.700034510926,8403.000183504395,8916.200039419462,9429.700072269013,9912.500122713856,10425.800037607085,10919.199920859013,11433.299929996486,11935.400035794678,12398.500172554544,12902.70000656991,13405.799946987623,13939.90004674453,14446.400104514468,14917.999968283198,15420.700050369341,15884.300104438938,16427.400226095545,16920.900168325664,17394.600137892615,17906.100123922137,18420.49993241302,18926.9999901829,19416.800015707354,19930.50016651323,20413.20015797994,20896.700243690837,21440.600082010583,21953.89999690387,22436.499929392332,22930.0002492035,23423.09995552097","6481.199861956382,7356.199767561106,9403.09986490151,9905.300029677891,10428.099883780552,10931.99991844251,11414.900027865485,11938.600035190553,12431.099765220104,12954.499973191763,13447.29988015577,13930.599847910372,14443.700022428325","11850.799980969895,12244.80014257459,12646.100078612362","4002.6000231079524,5331.000008306786,6752.900011251913,7218.50011214157,7639.300221489044,8102.800216580479,8566.000034737459,8968.80010028553,9402.400207216473,9895.700031490268,10321.600128075486,10741.800261135038,11205.200197248341,11649.900054296158,12091.700088882586,12524.800278503768,12957.400173234171","4042.0999094560684,4694.900163794664,5370.599953633035,6024.500101569283,6667.699980139238,7362.4000259775785,7986.499967150448,8661.600158281973,9339.600171874888,9992.000190300837,10665.200016009417,11350.000264306727,11974.200264457758,12668.899932715052","",""
"6","95239723373b1908db37639d129f6ec5ae1cdb7a2477551e42b6a69da8e8f5f9",TRUE,2020-04-27 09:39:03,2020-04-27 09:33:49,"Smartphone (touchscreen)","Chrome","smartphone speakers","OleAdrian","3","2031.6000000020722,2528.8000000000466,3013.4000000034575,3500.500000001921,3991.0000000018044,4466.800000001967,4970.600000000559,5468.399999997928,5983.299999999872,6492.899999997462,6997.100000000501,7511.2999999983,8020.600000003469,8516.700000000128,9015.599999998813,9512.99999999901,10004.300000000512,10520.49999999872,11035.000000003492,11515.599999998813,12006.900000000314,12498.699999996461,12986.100000001898,13467.70000000106,13969.40000000177,14482.199999998556,14980.70000000007,15477.4000000034,15951.200000003155,16476.09999999986,16967.100000001665,17462.899999998626,17961.699999999837,18468.000000000757,18991.49999999645,19488.59999999695,19979.599999998754,20470.30000000086,20933.100000002014,21481.20000000199","3140.5999999988126,3663.1000000052154,4169.000000001688,4659.200000001874,5166.799999999057,5648.90000000014,6154.500000004191,6664.4000000014785,7169.200000003912,7658.60000000248,8165.7000000050175,8637.99999999901,9155.100000003586,9668.20000000007,10192.10000000021,10666.000000004715,11164.700000001176,11680.80000000191,12163.70000000461,12668.100000002596,13168.100000002596,13657.500000001164,14146.800000002258,14645.400000001246,15158.100000000559,15657.700000003388,16173.699999999371,16689.100000003236,17137.000000002445,17628.199999999197,18132.30000000476,18624.199999998382,19124.30000000313,19638.10000000376,20154.999999998836,20635.09999999951,21149.700000001758,21657.700000003388,22121.59999999858,22636.500000000524,23143.700000000536","4102.29999999865,4643.499999998312,5150.399999998626,5656.9000000017695,6138.099999996484,6638.599999998405,7142.800000001444,7650.699999998324,8131.999999997788,8639.1999999978,9156.499999997322,9644.000000000233,10143.599999995786,10640.800000001036,11141.199999998207,11637.49999999709,12144.099999997707,12643.599999995786,13128.899999996065,13622.899999994843,14105.999999999767","5343.0999999982305,5763.199999993958,6232.199999998556,6731.199999994715,7228.599999994913,7658.299999995506,8131.900000000314,8614.199999996345,9062.299999997776,9618.59999999433,10116.49999999645,10625.199999994948,11132.499999999709,11682.099999998172,12211.899999994785,12752.599999999802","3800.600000002305,4706.300000005285,5603.500000004715,6475.900000004913,7354.700000003504,8287.199999998847,9142.299999999523,9997.600000002421,10912.0000000039,11791.700000001583,12680.10000000504","3152.30000000156,3798.0999999999767,4511.600000005274,5161.200000002282,5825.300000004063,6481.400000004214,7131.30000000092,7760.000000002037,8458.000000005995,9122.999999999593,9803.700000004028,10435.600000004342,11108.59999999957,11782.300000006217,12454.200000000128","3297.899999997753,3825.4000000015367,4344.4000000017695,4892.099999997299,5423.099999999977,5948.499999998603,6461.199999997916,6993.69999999908,7549.700000003213,8089.099999997416,8613.59999999695,9145.599999996193,9692.60000000213,10199.200000002747,10731.299999999464,11287.299999996321,11796.699999998964,12343.899999999849,12875.899999999092","4991.200000004028,5321.400000000722,5666.000000004715,6027.000000001863,6387.0999999999185,6720.3000000008615,7035.900000002584,7360.8000000022,7700.500000006286,7997.900000002119,8333.300000005693,8671.500000004016,8996.70000000333,9337.00000000681,9685.300000004645,10000.800000001618,10325.300000004063,10666.400000001886,10981.900000006135,11337.500000001455,11663.59999999986,11985.40000000503,12317.70000000688,12660.500000005413,12983.100000004924,13316.600000005565,13672.300000005635,14003.900000003341,14351.70000000653,14686.30000000121,15026.300000004994,15366.400000006252,15682.89999999979,16007.100000002538"
"7","a8f5a018066c8b958d83ce6a8c1ecf81bd43fa9744b220061cc1e79aef4fb2a6",TRUE,2020-04-27 09:39:08,2020-04-27 09:35:06,"Laptop (external mouse)","Chrome","external speakers","PV","3","1616.1150000043563,2271.3700000022072,2855.42500000156,3391.3099999990663,3942.860000002838,4519.175000001269,5070.950000001176,5622.970000003988,6159.260000000359,6687.250000002678,7255.400000001828,7799.590000002354,8343.059999999241,8855.990000003658,9391.365000003134,9905.539999999746,10447.050000002491,10966.180000003078,11501.884999997856,11999.235000002955,12518.620000002556,13007.709999998042,13503.884999998263,14030.36499999871,14526.584999999614,15046.90500000288,15574.939999998605,16079.415000000154,16598.915000002307,17098.760000000766,17590.329999999085,18094.810000002326,18617.559999998775,19079.115000000456,19566.664999998466,20071.39499999903,20590.42000000045,21103.22499999893,21567.370000004303","5135.930000004009,6096.199999999953,7138.815000005707,8116.565000003902,9116.965000001073,10163.20000000269,11139.560000003257,12127.985000006447,13138.900000005378,14136.02499999979,15143.495000003895,16139.140000006591,17162.52500000701,18104.03000000224,19138.465000003634,20135.995000004186,21127.675000003364,22133.380000006582,23159.980000003998","4119.5800000059535,4666.485000001558,5136.320000005071,5637.200000004668,6152.2750000003725,6658.895000000484,7170.920000004116,7683.1550000060815,8146.554999999353,8640.455000000657,9146.755000001576,9639.945000002626,10133.350000003702,10608.44999999972,11152.555000000575,11650.485000005574,12136.08500000555,12618.235000001732,13152.05500000593,13656.225000006089,14184.215000001132","11096.675000000687,11528.68500000477,11938.69999999879,12320.140000003448,12737.189999999828","3753.530000001774,5066.514999998617,6447.979999997187,6918.7999999994645,7398.6949999962235,7827.9249999977765,8271.034999997937,8705.13999999821,9142.63999999821,9583.15500000026,10008.17499999539,10497.71999999939,10937.63499999477,11376.77999999869,11809.580000001006,12246.664999998757,12694.684999994934","3180.5249999961234,3772.819999998319,4439.2399999997,5119.794999998703,5791.5199999988545,6423.804999998538,7116.939999999886,7812.599999997474,8444.569999999658,9136.549999995623,9860.289999996894,10396.4399999968,10428.529999997409,11112.450000000536,11782.994999994116,12437.059999996563","6449.2949999985285,7007.760000000417,7480.459999998857,8055.954999996175,8615.740000001097,9128.10499999614,9663.280000000668,10143.06999999826,10722.789999999804,11258.82499999716,11783.470000002126,12336.36000000115,12862.025000002177","6129.320000000007,6694.335000000137,7176.895000004151,7199.065000000701,7662.380000001576,8150.170000000799,8659.590000002936,9118.26000000292,9645.790000002307,10134.08999999956,10640.740000002552,11126.705000002403,11655.380000003788,12142.410000000382,12659.30500000104,13130.220000006375,13643.420000000333,14137.125000001106,14157.535000005737,14629.945000000589,15143.315000001166,15166.470000003756,15613.844999999856"
"8","d78ed4fd6c282ad41ebcf9ec3e59e884d20a9f3385b8b81e0ffaa5ceb1780788",TRUE,2020-04-27 09:39:47,2020-04-27 09:34:11,"Smartphone (touchscreen)","Chrome","on-ear headphones","","4","4634.499999927357,5273.799999966286,5924.799999920651,6677.700000000186,7435.399999958463,8164.4999999552965,8905.90000001248,9674.400000018068,10447.700000018813,11186.099999933504,11979.999999981374,12746.799999964423,13541.499999933876,14334.599999943748,15118.099999963306,15903.399999951944,16622.399999992922,17357.399999978952,18081.29999996163,18818.199999979697,19559.599999920465,20346.6999999946,21121.500000008382","3153.5999999614432,3603.499999968335,4089.1999999294057,4629.799999995157,5131.799999973737,5633.899999898858,6126.99999997858,6635.799999930896,7136.399999959394,7631.399999954738,8158.899999922141,8651.399999973364,9134.999999892898,9626.99999997858,10095.6999999471,10640.799999935552,11140.69999998901,11644.099999917671,12153.899999917485,12619.499999913387,13147.999999928288,13640.49999997951,14149.699999950826,14635.299999965355,15110.299999942072,15644.799999892712,16139.799999888055,16639.39999998547,17142.99999992363,17626.699999906123,18136.899999924935,18654.599999892525,19138.599999947473,19631.599999964237,20116.599999950267,20627.89999996312,21127.39999999758,21638.899999903515,22122.999999905005,22631.399999954738,23126.499999896623","3103.6000000312924,3630.4000000236556,4131.099999998696,4623.400000040419,5098.899999982677,5609.000000054948,6128.2000000355765,6604.799999971874,7115.500000072643,7616.500000003725,8101.900000008754,8619.399999966845,9119.500000029802,9594.900000025518,10131.599999964237,10632.699999958277,11134.599999990314,11611.09999998007,12104.000000050291,12580.500000040047,13115.300000063144,13623.20000003092,14100.600000005215","3271.000000066124,3620.4999999608845,4130.000000004657,4631.000000052154,5158.700000029057,5641.999999992549,6144.900000072084,6661.399999982677,7180.799999972805,7679.200000013225,8174.699999974109,8670.200000051409,9187.900000018999,9698.800000012852,10149.500000057742,10666.100000031292,11175.300000002608,12143.000000040047,12664.100000052713","1685.9000000404194,2235.89999997057,2795.0999999884516,3296.3000000454485,3765.400000032969,4215.800000005402,4662.300000083633,5100.500000058673,5560.9999999869615,5986.800000071526,6447.900000028312,6900.099999969825,7333.899999968708,7776.599999982864,8234.900000039488,8653.9000000339,9121.500000008382,9564.400000032037,9991.500000003725,10448.800000012852,10901.700000045821,11328.100000042468,11804.100000066683,12239.400000078604,12673.200000077486","3911.3000000361353,4446.600000024773,5089.8000000743195,5760.400000028312,6428.100000019185,7138.700000010431,7806.400000001304,8450.100000016391,9134.900000062771,9820.400000084192,10439.699999988079,11125.2000000095,11800.900000031106,12437.5","2674.3999999016523,3224.3000000016764,3784.7999999066815,4304.000000003725,4830.599999986589,5382.099999929778,5908.300000010058,6434.199999901466,6951.499999966472,7479.699999908917,8013.500000000931,8549.99999993015,9101.199999917299,9619.699999922886,10127.49999994412,10688.699999940582,11214.599999948405,11766.699999920093,12293.499999912456,12826.899999985471","3176.6000000061467,3705.4999999236315,4197.999999974854,4715.099999913946,5199.199999915436,5695.699999923818,6201.499999966472,6672.399999923073,7173.999999999069,7667.299999971874,8152.299999957904,8650.299999979325,9129.4999999227,9630.59999991674,10123.099999967963,10607.599999988452,11125.2000000095,11626.99999997858,12120.400000014342,12631.199999945238,13114.999999990687,13614.199999952689,14133.700000005774,14634.599999990314,15137.799999909475,15645.59999993071"
"9","f78fcf2a12c2c53018ac6268e4887d5043fff674bcdc7b8db19dd1d772e7f089",TRUE,2020-04-27 09:38:41,2020-04-27 09:34:39,"Laptop (touchpad)","Chrome","in-ear headphones","","4","4978.499999997439,5605.280000017956,6234.190000017406,6862.64000000665,7467.520000005607,8079.924999998184,8709.350000019185,9289.355000015348,9901.88499999931,10555.400000012014,11200.485000008484,11846.11500002211,12426.070000015898,13039.14999999688,13618.864999996731,14247.910000005504,14770.329999999376,15391.490000009071,15939.165000017965,16567.955000005895,17131.15000000107,17760.26000001002,18356.49000000558,18961.665000009816,19467.9049999977,20031.085000024177,20611.46000001463,21215.52500000689","1153.1400000094436,2115.250000002561,2605.2849999978207,3095.2350000152364,3577.3250000202097,4124.880000017583,4631.135000003269,5145.660000009229,5627.315000019735,6125.980000011623,6649.600000004284,7113.5749999957625,7595.965000014985,8086.754999996629,8576.845000003232,9156.770000001416,9621.96000001859,10128.675000014482,10610.955000011018,11100.830000010319,11582.81000002171,12130.449999996927,12661.445000005187,13118.560000002617,13641.57000000705,14098.68500000448,14622.174999996787,15078.884999995353,15626.775000011548,16124.815000017406,16631.475000001956,17105.20499999984,17578.930000017863,18111.01000002236,18575.7900000026,19114.2150000087,19588.530000008177,20658.365000010235,22079.809999995632,22626.94499999634,23125.76500000432","3079.924999998184,3610.419999982696,4117.245000001276,4582.58499999647,5089.24499998102,5628.129999997327,6175.404999987222,6591.549999982817,7114.279999979772,7645.45999999973,8119.49499999173,8609.579999989364,9149.189999996452,9606.114999973215,10161.764999997104,10668.559999990975,11109.32999997749,11657.12999997777,12122.9099999764,12621.51499997708,13177.404999994906,13643.01999998861,14067.829999985406","989.7300000011455,1602.1550000004936,4939.285000000382,5511.250000010477,6049.775000021327,6507.660000002943,6981.375000003027,7545.530000003055,8092.450000025565,8558.980000001611,9031.790000008186,9612.055000005057,10134.430000005523,10559.295000013663,11008.74499999918,11523.135000024922,12013.860000006389,12421.42500000773,12874.414999998407","1061.779999989085,1592.1849999867845,2098.314999981085,2547.7949999913108,2931.8199999979697,3381.2849999812897,3814.1599999798927,4255.114999978105,4679.689999989932,5145.474999997532,5562.210000003688,5962.534999998752,6469.110000005458,6918.4949999907985,7359.70499998075,7832.349999982398,8274.199999985285,8641.680000000633,9123.640000005253,9589.204999996582,10006.179999996675,10454.639999981737,10896.10499999253,11353.224999998929,11802.269999985583,12276.089999999385,12668.384999997215","3237.0450000162236,3802.7400000137277,4438.385000015842,5060.110000020359,5582.225000020117,6154.910000012023,6876.14500001655,7642.300000006799,8427.595000015572,9138.215000013588,9816.270000010263,10446.44500000868,11042.310000018915,11729.065000021365,12439.929999993183","3228.270000021439,3710.8850000076927,4339.720000018133,4839.0200000139885,5394.545000017388,5933.98500001058,6441.240000014659,6963.255000009667,7527.874999999767,8050.63500002143,8565.400000021327,9154.070000018692,9611.730000004172,10216.485000011744,10755.940000002738,11229.940000019269,11802.46000000625,12358.035000012023,12815.735000011045","3164.474999997765,3670.719999994617,4184.8900000040885,4700.400000001537,5190.195000002859,5696.72000000719,6178.769999998622,6692.739999998594,7158.46999999485,7624.1549999977,8114.414999989094,8612.380000005942,9135.444999992615,9683.11499999254,10156.909999990603,10646.689999994123,11103.774999995949,11626.664999988861,12142.04000000609,12615.290000016103,13170.805000001565,13644.484999997076,14111.700000008568,14617.124999989755,15148.134999995818,15621.820000000298"
"10","126a941b364d0cbb2af0bf476fece7be3442161d9cad03cbef5bb20dd5210a7a",TRUE,2020-04-27 09:40:05,2020-04-27 09:35:14,"Smartphone (touchscreen)","Chrome","smartphone speakers","rednaS","6","1788.9000000141095,3563.6999999987893,4135.999999998603,4637.700000021141,5173.000000009779,5667.9000000003725,6269.000000000233,6763.90000001993,7216.600000014296,7741.600000008475,8225.00000000582,8738.700000016252,9231.700000003912,9765.299999999115,10282.700000010664,10763.200000015786,11242.30000001262,11714.399999997113,12229.500000015832,12683.600000018487,13172.90000000503,13715.500000020256,14246.800000022631,14749.800000019604,15237.600000022212,15682.700000004843,16145.799999998417,16640.10000001872,17145.099999994272,17647.100000001956,18169.09999999916,18673.10000001453,19191.900000005262,19697.199999995064,20157.00000000652,20634.600000019418,21106.300000014016,21586.60000000964","2906.4000000071246,3403.9000000047963,3885.999999998603,4353.399999992689,4907.79999998631,5357.599999988452,5873.699999996461,6365.799999999581,6885.000000009313,7382.79999999213,7873.800000001211,8371.099999989383,8843.20000000298,9356.899999984307,9895.099999994272,10337.800000008428,10864.100000006147,11346.099999995204,11866.299999994226,12391.499999997905,12871.699999988778,13370.900000008987,13858.99999999674,14362.499999988358,14865.599999990081,15367.599999997765,15845.200000010664,16332.999999984168,16835.20000000135,17351.09999999986,17825.099999987287,18357.6999999932,18856.399999989662,19382.400000002235,19896.899999992456,20331.700000009732,20825.699999986682,21307.499999995343,21851.800000004005,22379.50000001001,22865.49999998533,23375.2000000095","759.3000000051688,2870.600000023842,3408.400000014808,3892.0000000216532,4375,4866.30000002333,5386.300000012852,5863.900000025751,6355.300000024727,6857.000000018161,7352.899999998044,7872.200000012526,8339.000000007218,8848.800000007031,9366.99999999837,9873.90000000596,10368.600000016158,10845.200000010664,11354.800000000978,11880.300000018906,12344.900000025518,12840.100000001257,13334.499999997206,13866.900000022724,14404.200000019046","1304.8999999882653,2764.2000000050757,3393.400000000838,3763.7999999860767,4133.99999999092,4523.300000000745,4916.399999987334,5321.9999999855645,5732.099999993807,6109.8000000056345,6516.299999988405,6929.000000003725,7355.299999995623,7734.499999991385,8165.799999987939,8557.199999981094,8946.39999998617,9331.500000000233,9742.99999998766,10136.700000002747,10537.099999986822,10930.69999999716,11325.400000001537,11739.499999996042,12144.199999980628,12552.100000000792,12911.300000007031","4002.4999999732245,4486.399999994319,4942.199999990407,5406.899999972666,5833.399999974063,6266.4999999979045,6716.599999985192,7190.899999986868,7606.999999989057,8040.399999998044,8473.399999988033,8906.49999998277,9371.199999994133,9849.699999991572,10265.69999998901,10714.599999977509,11224.299999972573,11638.699999981327,12036.699999996927,12468.99999998277,12886.699999973644","1036.500000016531,3331.6000000049826,4054.100000008475,4705.199999996694,5350.20000001532,5930.400000012014,6620.699999999488,7269.300000014482,7928.0000000144355,8637.000000016997,9335.5000000156,9959.600000001956,10650.300000008428,11249.10000001546,11967.700000008335,12642.599999991944","5357.400000008056,5913.199999980861,6641.999999992549,7313.200000004144,8005.999999993946,8647.8000000061,9319.599999987986,9975.199999986216,10662.299999996321,11318.399999989197,11984.10000000149,12642.300000006799","872.6000000024214,4386.799999978393,4834.199999982957,5340.299999981653,5848.999999987427,6379.499999980908,6859.3999999866355,7344.699999986915,7869.699999981094,8305.099999997765,8846.899999974994,9302.999999985332,9866.699999984121,10377.299999992829,10835.800000000745,11350.599999976112,11873.699999996461,12371.099999989383,12836.999999999534,13303.599999984726,13853.09999997844,14325.699999986682,14824.499999987893,15331.199999985984,15773.69999999064"
"11","1b0356ba57966b1e9de07c9a8ab522b0c9e729c73209897c35710cd5e0cadf98",TRUE,2020-04-27 09:41:09,2020-04-27 09:35:50,"Laptop (touchpad)","Firefox","computer speakers","","7","1394,2004,2614,3234,3859,4421,5080,5715,6381,7031,7657,8323,9039,9657,10340,10974,11600,12226,12885,13487,14082,14725,15295,15897,16531,17198,17865,18482,19117,19743,20410,21021","5439,6041,6563,7077,7656,8210,8804,9447,10041,10618,11213,11920,12571,13262,13968,14658,15357,16016,16763,17582,18401,19212,20064,20875,21646,22449,23244","4012,4991,5955,6992,8171,9683,10942,11858,12846,14027","1122,2158,2937,3427,3868,4407,4977,5523,6109,6672,7209,7796,8358,9000,9570,10132,10751,11385,11932,12518","6185,7261,8264,9213,10256,11437,12714","5820,6375,6552,6905,7081,7652,8351,8550,9025,9723,10760,11755,12936","5651,6196,6799,7441,8091,8726,9417,10075,10693,11400,12212","8879,9529,10316,11160,12027,12831,13617,14493,15408"
"12","206c88a28390e133903b7f1d62200901c522f82a7a722bdf2e88238f99307046",TRUE,2020-04-27 09:41:15,2020-04-27 09:34:41,"Laptop (external mouse)","Chrome","computer speakers","","8","5137.159999925643,5905.309999943711,6744.829999981448,7508.274999912828,8292.320000007749,9110.849999939092,9819.514999981038,10667.284999974072,11498.314999975264,12193.874999997206,13136.024999897927,13910.529999993742,14768.53499992285,15522.354999906383,16330.319999950007,17046.75999993924,17891.80999994278,18610.439999960363,19466.40999999363,20284.96499999892,21134.619999909773","4081.6300000296906,4564.619999960996,5076.129999943078,5512.19499995932,6049.725000048056,6541.744999936782,7021.865000016987,7488.020000047982,8017.035000026226,8500.959999975748,9013.425000011921,9549.619999947026,10055.82999996841,10586.015000008047,11063.304999959655,11525.400000042282,12047.819999977946,12529.674999997951,13081.804999965243,13560.229999944568,14039.77000003215,14567.72000005003,15097.65500004869,15703.695000032894,16163.910000002943,16584.569999948144,17065.820000017993,17501.67499994859,18037.669999990612,18551.740000024438,18993.80499997642,19491.82999995537,19976.230000029318,20565.504999947734,21017.894999939017,21585.77999996487,22031.30000003148,22547.705000033602,23069.0450000111,23543.57999993954","5095.379999955185,5515.064999926835,5991.309999953955,6519.059999962337,7016.409999923781,7519.759999937378,8026.219999999739,8516.579999937676,9044.274999992922,9504.205000004731,10001.774999895133,10508.63999989815,10983.459999901243,11498.389999964274,11988.669999991544,12470.869999960996,13022.980000008829,13513.864999986254,13973.084999946877","1254.1500000515953,2787.224999978207,3527.684999979101,4265.215000021271,4973.3199999900535,5618.879999965429,6257.630000007339,7078.420000034384,7756.040000007488,8447.60000007227,9265.514999977313,9872.169999987818,10537.58999996353,11018.924999982119,11600.54500005208,12233.074999996461,12872.270000050776","","3890.5249999370426,4380.87499991525,4972.390000009909,5704.879999975674,6396.175000001676,7104.4749999418855,7787.719999905676,8410.169999930076,9026.79499995429,9764.510000008158,10355.914999963716,11048.88499993831,11709.81499995105,12348.279999918304,12954.199999920093","3213.0349999060854,3563.289999961853,3951.054999954067,4523.619999992661,5119.034999981523,5897.209999966435,6510.8299999265,7049.524999922141,7574.314999976195,8213.20499991998,8929.014999885112,9576.459999894723,10175.66499998793,10783.604999887757,11443.144999910146,12059.649999951944,12719.25999992527","7881.990000023507,8339.825000031851,8916.510000010021,9639.260000083596,10480.139999999665,11072.860000072978,11718.010000069626,12386.260000057518,13026.36000001803,13713.055000058375,14544.639999978244,15196.555000031367,15937.135000014678"
"13","24145d2c290f2a52eef02e5db4faa250252559ea076275453fa76de94214080f",TRUE,2020-04-27 09:39:54,2020-04-27 09:34:27,"Smartphone (touchscreen)","Chrome","in-ear headphones","","7","2362.9000000073574,6362.299999978859,7110.699999961071,7904.099999985192,8594.89999996731,9286.900000006426,9949.800000002142,10627.89999996312,11260.799999989104,11981.900000013411,12629.599999985658,13307.299999985844,13912.299999967217,14608.299999963492,15253.199999977369,15906.59999998752,16535.499999998137,17156.19999996852,17804.200000013225,18481.59999999916,19130.499999970198,19836.799999990035,20528.5000000149,21220.19999998156,21882.799999963026","5730.899999965914,6190.999999991618,6708.699999959208,7170.099999988452,7645.999999949709,8192.599999951199,8710.900000005495,9258.899999957066,9763.099999981932,10282.49999997206,10888.199999986682,11506.899999978486,12016.00000000326,12573.499999998603,13164.599999960046,13682.999999960884,14230.599999951664,14806.699999957345,15642.39999995334,16148.499999952037,16623.299999977462,17069.499999983236,17314.29999996908,17544.999999983702,18092.00000000419,18625,19085.999999952037,19547.19999997178,19792.799999995623,20037.599999981467,20571.999999985565,21089.500000001863,21593.99999998277,22083.999999973457,22300.09999999311,22515.89999999851,23078.9999999688,23586.799999990035","4145.799999998417,4576.999999990221,4821.5999999665655,5036.699999996927,5585.599999991246,6089.399999997113,6334.999999962747,6579.799999948591,7083.199999993667,7602.599999983795,7833.799999963958,8078.19999998901,8602.399999974295,9075.899999996182,9346.2999999756,9590.799999947194,10110.09999999078,10614.599999971688,10831.29999996163,11104.999999981374,11595.09999997681,12083.899999968708,12315.09999994887,12574.399999983143,13111.399999994319,13628.399999986868,13885.399999970105,14088.799999968614","5886.100000003353,7110.19999999553,7800.199999997858,8275.599999993574,8708.599999954458,9140.299999970011,9529.500000004191,9919.200000003912,10393.199999991339,10854.499999957625,11286.299999977928,11704.3999999878,12179.799999983516,12654.899999964982","5071.800000034273,5474.300000001676,5704.600000055507,5920.70000001695,6122.499999997672,6468.5000000172295,6858.8000000454485,7088.700000022072,7304.400000022724,7750.300000014249,8240.600000019185,8470.800000010058,8687.300000048708,9090.60000005411,9551.100000040606,9752.900000021327,9955.400000035297,10403.10000005411,10877.800000016578,11080.000000016298,11324.40000004135,11756.000000052154,12218.20000000298,12418.500000028871,12649.100000038743","5774.399999994785,6349.899999971967,6537.399999971967,7098.899999982677,7731.999999959953,8150.299999979325,8410.59999994468,8611.69999995036,9000.59999997029,9663.299999956507,9836.099999956787,10128.199999977369,10426.799999957439,10629.199999966659,11046.599999943282,11623.199999972712,11809.599999978673,12141.299999959301,12413.999999989755,12616.799999959767,13005.599999974947","4954.900000011548,5661.099999968428,5889.80000000447,6064.49999997858,6308.599999989383,6524.099999980535,6771.499999973457,6940.899999986868,7130.200000014156,7375.699999975041,8441.599999961909,9191.300000005867,9723.300000012387,10313.09999997029,10889.90000000922,11467.499999969732,12115.400000009686,12763.600000005681","10155.49999999348,12141.400000022259,14070.899999991525,15079.200000036508"
"14","2a8f0930b52d5306ad26a07c1497f00e209f4a1b5e79db24e06203c063ef346d",TRUE,2020-04-27 09:40:26,2020-04-27 09:34:05,"Smartphone (touchscreen)","Chrome","in-ear headphones","KVJ","5","2078.4000000003434,2714.7999999997555,3371.300000000716,3932.399999999703,4520.6999999991385,5116.200000000419,5727.199999999371,6326.900000000023,8127.800000000221,8715.39999999915,9283.499999999563,9862.100000000297,10432.199999999313,11003.199999999197,12200.000000000757,12771.399999999645,13363.600000000617,13949.899999999616,14508.59999999922,15094.600000000384,15699.699999999226,16305.000000000291,16904.39999999944,17448.300000000047,18024.499999999534,18610.5000000007,19201.10000000024,20348.29999999967","6099.79999999993,7128.0999999999185,8147.200000001234,9144.799999999988,11166.800000000861,12199.200000000943,13218.200000001176,14181.59999999986,15152.600000001257,16161.10000000114,17180.800000000105,18184.900000000198,20186.30000000121,21188.700000000594,22159.40000000043,23159.80000000127","4128.0999999999185,4678.200000000303,5169.5,5654.999999998836,6147.399999999849,6624.59999999922,7156.799999998882,7661.199999998673,8149.299999999115,8631.199999999837,9135.699999998906,9597.89999999886,10167.400000000256,10647.19999999943,11136.699999999139,11634,12148.49999999936,12631.699999999953,13181.599999999919,13648.69999999972,14145.49999999872","5154.6999999991385,5579.099999999045,6000.500000000116,6402.500000000175,6776.599999999278,7174.699999999604,7574.399999999558,7957.699999999022,8761.49999999872,9187.09999999922,9554.899999999208,9962.900000000489,10395.80000000028,10779.300000000163,11181.999999998894,11567.499999999185,11932.699999999371,12318.19999999972,12726.09999999986","3840.4000000009546,4695.700000000215,5585.399999999936,8218.600000000151,9175.699999999779,10067.500000001019,10885.099999999511,11806.300000000192,12668.600000000879","5128.699999999255,5811.999999999884,6459.100000000035,7128.09999999986,8476.30000000028,9165.999999999243,9827.499999999418,10456.500000000233,11137.30000000028,11825.800000000512,12448.700000000827","5423.699999999371,5971.299999999232,6565.500000000582,7052.900000000605,7554.000000000058,8085.900000000023,8630.69999999972,9671.200000000652,10234.500000000466,10740.79999999958,11269.399999999208,11783.600000000675,12334.399999999732,12853.99999999936","5645.699999999109,6176.199999999866,6664.299999998562,7163.799999998446,7678.8999999989755,8147.699999999517,8642.099999999133,9167.699999999983,9659.899999998743,10164.600000000064,10665.399999999878,11136.49999999869,11634.399999999005,12138.100000000122,12646.199999999226,13128.09999999989,13637.600000000006,14135.599999999598,14682.499999998981,15151.299999999552,15633.299999999494"
"15","646ec78f088940e0b6092786c96ea4fbb219569da42e6b1416d5b73afdebeb16",TRUE,2020-04-27 09:41:37,2020-04-27 09:34:15,"Smartphone (touchscreen)","Samsung internet","smartphone speakers","nxt","3","2233.1999999878462,2950.299999996787,3762.300000002142,4606.499999994412,5360.300000000279,6128.100000001723,6906.399999978021,7722.399999998743,8524.299999990035,9321.49999999092,10096.900000004098,10871.199999994133,11623.699999996461,12427.700000000186,13206.199999985984,13965.799999976298,14736.399999994319,15473.999999987427,16177.199999976438,16944.799999997485,17720.09999997681,18533.199999976205,19318.499999993946,20165.79999998794,20967.89999998873","3109.20000000624,3643.899999995483,4160.499999998137,4646.100000012666,5155.100000003586,5615.900000004331,6105.299999995623,6630.899999989197,7125.399999989895,7629.099999991013,8125.700000004144,8623.90000000596,9120.599999994738,9571.800000005169,10053.40000000433,10528.400000010151,11085.20000000135,11577.09999999497,12081.999999994878,12596.500000014203,13068.700000003446,13571.100000001024,14100.89999999036,14673.500000004424,15179.000000003725,15627.700000011828,16111.899999988964,16621.699999988778,17153.699999995297,17635.799999989104,18114.80000001029,18607.500000012806,19088.400000007823,19569.09999999334,20061.50000001071,20555.80000000191,21058.199999999488,21566.900000005262,22058.500000013737,22564.89999999758,23067.700000014156,23553.000000014435","3158.499999990454,3676.6999999817926,4166.700000001583,4665.2999999932945,5160.799999983283,5647.499999991851,6150.3000000084285,6656.300000002375,7126.400000008289,7618.599999987055,8117.700000002515,8599.099999992177,9090.899999981048,9600.099999981467,10092.899999988731,10607.499999983702,11092.499999998836,11566.200000001118,12046.199999982491,12551.799999986542,13046.70000000624,13569.19999999809,14087.800000008428","5201.999999990221,5641.199999983655,6116.099999984726,6589.799999987008,7040.799999987939,7583.799999993062,8069.599999987986,8561.40000000596,9052.999999985332,9551.500000001397,10063.39999998454,10588.400000007823,11060.499999992317,11576.000000000931,12066.800000000512,12555.59999999241,12978.000000002794","3707.9000000085216,4187.799999985145,4632.600000011735,5081.600000004983,5528.599999990547,5959.7000000067055,6385.399999999208,6822.4000000045635,7281.500000011874,7722.0999999844935,8166.700000001583,8617.900000012014,9095.800000010058,9545.50000000745,10006.90000000759,10402.999999991152,10841.199999995297,11292.900000000373,11717.199999984587,12186.40000000596,12620.399999985239","5002.299999992829,5774.100000009639,6397.70000000135,7051.900000020396,7746.500000008382,8366.20000001858,9010.700000013458,9723.100000002887,10378.800000005867,11005.600000004051,11696.300000010524,12352.1999999939","4341.300000000047,5152.4999999965075,5629.400000005262,6123.699999996461,6595.999999990454,7014.80000000447,7474.199999996927,7926.999999996042,8324.300000007497,8793.899999989662,9241.199999989476,9688.300000008894,10142.599999991944,10625.2000000095,11089.299999992363,11533.100000000559,12008.00000000163,12488.299999997253,12975.99999999511","2178.8999999989755,5983.0999999830965,6547.39999998128,7063.899999979185,7547.199999971781,8055.6999999971595,8527.199999982258,9035.699999978533,9520.699999993667,10024.399999994785,10513.799999986077,11033.299999980954,11568.799999979092,12129.099999991013,12708.099999988917,13152.499999996508,13658.499999990454,14121.399999974528,14585.699999995995,15038.699999975506,15558.299999975134"
"16","647ec85acd5677632b57e35651db9011f94f757c383d1029d234a85e66123652",TRUE,2020-04-27 09:39:55,2020-04-27 09:34:40,"Laptop (touchpad)","Firefox","on-ear headphones","","3","2817,3542,4307,5044,5797,6543,7288,8033,8778,9472,10196,10839,11524,12239,12913,13658,14393,15077,15843,16546,17291,17976,18702,19455,20202,20924","3435,3978,4421,4884,5378,5910,6395,6928,7401,7865,8419,8903,9398,9900,10423,10908,11391,11905,12419,12953,13428,13910,14453,14918,15430,15894,16408,16901,17387,17920,18414,18897,19380,19925,20378,20922,21447,21910,22393,22928,23431","3420,4004,4457,4940,5444,5938,6422,6925,7449,7942,8437,8939,9402,9948,10439,10903,11457,11931,12444,12928,13432,13946,14441","5429,5862,6255,6708,7125,7525,8048,8051,8622,8984,9438,9790,10203,10585,11019,11431,11794,12218,12619","3202,3615,4079,4501,4955,5399,5872,6295,6748,7181,7634,8037,8491,8964,9408,9861,10324,10767,11162,11594,12046,12480,12923","5361,6105,6829,7464,8128,8751,9357,10111,10785,11418,12063,12727","4089,4632,5206,5749,6263,6757,7300,7824,8358,8911,9414,9958,10480,11025,11567,12060,12616","3484,4038,4522,4904,5428,5982,6457,6969,7423,7978,8500,8985,9469,9951,10474,10969,11443,11937,12441,12945,13439,13973,14427,14909,15452,15927"
"17","690fd403ade1ea92afd35a4f2305ce5752bc0a82b2922e300ec98a0a544c2553",TRUE,2020-04-27 09:42:56,2020-04-27 09:39:23,"Smartphone (touchscreen)","Chrome","in-ear headphones","Henrique","4","2316,3734,4912,6036,7029.000000000007,7976,10145,11296,12385,13434,14478,15528,16636,17711,18728,19793,20802,21910","3955,4838,5877,6861,7969,9028,10125,11384,12527,13834.00000000003,15134,16375,17444,18412,19668,20911,22144.00000000003,23451","3888,4650,5433,6077,6744,7410,8067,8761.000000000015,9400,10067,10761.000000000015,11500,12200,12882,13606.000000000015,14328","3587.0000000000146,4156,4856,5556,6231,6932.000000000029,7572,8220,8894,9530,10165,10839,11447,12105.00000000003,12764","4473,5256,6118,6860,7601,8308,9048,9748,10500,11175,11899,12583","4119,4825,5624,6291,7015,7774,8591,9374,10108,10874,11608,12340","3079,3607,4194,4777.000000000015,5293,5793,6326,6844,7369,7852,8402.000000000015,8954,9477,10008,10554.000000000015,11077,11610,12127,12643.000000000015","3491,4181,4882.000000000029,5585,6275.000000000029,7014,7848,8680,9545,10349,11214,12011,12804,13711,14564,15429"
"18","897473263848753e03eae1b47cfcde6d5d627961be058ba691a22acea9f0ca1d",TRUE,2020-04-27 09:40:33,2020-04-27 09:34:35,"Smartphone (touchscreen)","Firefox","smartphone speakers","David","1 - extremely easy","2507,3196,3897,4527,5210,5885,6597,7243,7904,8552,9218,9846,10497,11122,11800,12440,13128,13728,14438,15091,16488,17162,17792,18458,19087,19803,20454,21147,21757","2444,3350,3856,4396,4883,5379,5877,6390,6891,7366,7849,8335,8858,9356,9832,10323,10849,11363,11804,12306,12832,13354,13857,14353,14850,15322,15829,16369,16868,17330,17818,18342,18809,19759,20270,20816,21349,21871,22360,22846,23380","1942,2831,3542,4308,5076,5840,6542,7277,8017,8746,9502,10256,11024,11788,12560,13294,14018","2013,2640,3268,3950,4567,5177,5844,6482,7136,7915,8565,9193,9900,10560,11139,11849,12530","2521,3325,3966,4654,5317,5978,6626,7301,7975,8631,9304,9940,10641,11302,11943,12631","2010,2626,3300,3970,4654,5350,5986,6656,7316,7973,8607,9350,9980,10637,11309,11968,12634","2419,2949,3507,4001,4528,5073,5586,6141,6659,7203,7759,8290,8833,9896,10388,10944,11496,12019,12507,13009","2645,3433,4025,4553,5201,5876,6432,6922,7384,7860,8405,8922,9431,9909,10396,10881,11399,11873,12370,12903,13392,13898,14363,14868,15382,15871"
"19","9505cdeb105bca13011be787822fe5d4036442172578c4fc22960fd4c9574894",TRUE,2020-04-27 09:41:18,2020-04-27 09:34:06,"Smartphone (touchscreen)","Samsung Internet","smartphone speakers","Ana_teresa_queiroga","4","9750.800000008894,10343.900000007125,10932.400000005146,11475.600000005215,12052.500000005239,12620.60000000929,13230.899999995017,13785.40000000794,14431.299999996554,15015.299999999115,15649.900000003981,16169.200000003912,16813.90000000829,17446.70000000042,18047.099999996135,18652.499999996508,19231.200000009267,19849.300000001676,20415.600000007544,20961.999999999534,21573.7999999983","6314.799999992829,6805.500000002212,7325.700000001234,7813.49999998929,8345.600000000559,8844.40000000177,9351.299999994808,9860.599999999977,10373.099999997066,10851.699999999255,11316.599999991013,11835.899999990943,12347.59999999369,12853.600000002189,13356.999999989057,13832.79999998922,14373.699999996461,14872.69999999262,15353.39999999269,15830.60000000114,16326.900000000023,16858.89999999199,17345.000000001164,17864.69999999099,18300.09999999311,18809.800000002724,19308.499999999185,19819.999999992433,20337.49999999418,20845.699999990757,21361.999999993714,21853.999999992084,22350.89999999036,22847.69999999844,23351.999999998952","5826.999999990221,6316.099999996368,6824.499999987893,7314.4999999931315,7823.199999998906,8322.399999990012,8812.2999999905,9301.699999996345,9808.399999994435,10328.899999993155,10821.899999995367,11306.899999995949,11829.899999996996,12315.499999996973,12801.599999991595,13295.599999997648,13794.999999998254,14304.799999998068","7281.600000002072,7714.80000000156,8147.899999996298,8565.90000000142,8966.899999999441,9376.900000002934,9765.599999998813,10142.999999996391,10540.800000002491,10896.800000002258,11340.800000005402,11749.89999999525,12168.999999994412,12535.09999999369,12967.099999994389","3949.800000002142,4425.799999997253,4861.499999999069,5302.400000000489,5779.800000003888,6197.899999999208,6666.500000006636,7087.299999999232,7553.8999999989755,8010.500000003958,8450.400000001537,8892.399999996996,9346.999999994296,9771.599999992759,10203.099999998813,10677.700000000186,11113.400000002002,11554.300000003423,12021.899999992456,12472.099999999045,12905.59999999823","5342.600000003586,5986.700000008568,6662.900000010268,7317.800000004354,7994.5000000006985,8604.50000000128,9298.800000004121,10000.899999999092,10673.90000000887,11341.100000005099,12030.200000008335,12682.400000005146","8074.200000002747,8562.39999999525,9062.60000000475,9561.000000001513,10080.900000000838,10634.999999994761,11167.00000000128,11699.299999992945,12228.799999997136,12782.800000000861","6319.3000000028405,6804.200000013225,7338.100000008126,7834.800000011455,8324.200000002747,8824.200000002747,9344.50000000652,9875.800000008894,10340.800000005402,10840.600000010454,11337.60000001348,11790.600000007544,12302.700000000186,12809.800000002724,13309.500000003027,13798.000000009779,14349.500000011176,14825.400000001537,15291.500000006636,15791.200000006938"
"20","969af40d0c86beb074f1172ac752de0ff2372798b9f190eb6afa1c94ad0d8313",TRUE,2020-04-27 09:42:52,2020-04-27 09:39:00,"Laptop (touchpad)","Chrome","computer speakers","","8","1735.3149999980815,3397.5999999966007,4633.109999995213,5852.7349999931175,7071.400000015274,8200.035000016214,9319.0300000133,10398.344999994151,11583.6100000015,12744.854999997187,13923.650000011548,14984.895000001416,16096.460000000661,17201.08500000788,18295.6000000122,19310.61499999487,20279.810000007274,20732.164999993984,21151.639999996405,21638.765000010608","2103.3800000150222,3010.500000003958,3997.335000021849,4975.724999996601,6004.805000004126,6987.120000005234,7933.120000001509,9040.189999999711,10057.910000003176,10972.645000001648,11935.945000004722,12973.915000009583,14017.229999997653,14996.840000007069,15938.460000004852,16949.9599999981,17921.385000023292,18942.399999999907,20063.420000020415,21004.18499999796,21940.445000014734,22918.070000014268","2000.9600000048522,3029.994999989867,3994.184999988647,4981.889999995474,6011.219999985769,7008.094999997411,7987.679999991087,8999.680000008084,10013.695000001462,11008.299999986775,11996.119999996154,12995.659999985946,14008.700000005774","580.8499999984633,1933.5750000027474,2748.1949999928474,3884.9000000045635,4650.139999983367,5390.294999990147,6165.795000008075,7310.395000007702,8141.990000003716,9064.079999981914,9861.79500000435,10597.01500000665","2794.770000007702,3626.9500000053085,4582.170000008773,5447.1449999837205,6317.6300000050105,7226.540000003297,8148.099999991246,8995.750000001863,9875.379999983124,10773.584999988088,11640.064999985043,12562.47499998426","740.9549999865703,2033.1099999893922,2897.3899999982677,3984.8350000102073,5006.05500000529,6167.04000000027,7294.38000000664,8117.380000010598,9617.720000009285,10661.649999994552,11493.524999998044,12507.565000007162","1083.0849999911152,2011.9549999944866,3099.534999986645,4096.579999983078,5158.685000002151,6253.594999987399,7366.279999987455,8435.815000004368,9440.004999982193,10673.979999992298,11736.839999997756,12698.650000005728","999.6850000170525,1987.0200000004843,2976.6450000170153,3998.4300000069197,4902.930000011111,5999.215000018012,7001.179999992019,8063.750000001164,9051.364999992074,10048.884999996517,10989.419999998063,12149.925000005169,13080.944999994244,14060.70999999065,15198.470000002999"
"21","d2a356466b5410f9c2abb8a1980058e6affcacc43c2488bbed3b2e481cc92c3a",TRUE,2020-04-27 09:40:34,2020-04-27 09:34:50,"Laptop (external mouse)","Firefox","on-ear headphones","bokle","3","2262,3022,3039,3774,4519,5286,5310,6015,6030,6775,6798,7479,7504,8183,8199,8895,8910,9615,9630,10335,10359,11111,11137,11839,12559,12583,13279,13304,14031,14055,14767,15470,15494,16174,16199,16902,16918,17607,18310,18990,19015,19688,19703,20358,20383,21047,21071,21766,21791","2976,2993,4015,4032,5016,5032,6024,6048,7040,7056,8008,9000,9023,10016,10039,11024,12000,12016,12960,12984,14064,14080,15023,15040,15992,16015,16975,16991,17992,18016,19000,19023,19991,20007,21000,21015,22024,23008","4936,4953,6015,6025,7001,7016,8001,8017,9033,9049,9961,10000,10993,11016,12008,12033,12969,12985,14025","4984,5864,6616,6639,7464,7480,8239,8256,9031,9055,9799,9823,10576,11383,12200","4551,5479,6351,6367,7207,8143,8167,8983,9007,9887,10759,10774,11630,11647,12559,12582","1873,4929,6009,6024,6960,6977,7969,7985,8984,9001,9960,9977,10992,11008,11953,12952,12977","3144,3163,4176,4191,5224,5247,6335,6352,7408,7424,8504,9535,9552,10615,10639,11631,11656,12719","4040,4057,5023,5039,6031,6055,7040,7056,7984,8000,8968,8984,9992,10008,11000,11024,11984,12007,13007,14000,14023,15031,15984,16000"
