"","id","complete","currentTime","startTime","device","browser","headphones","age","gender","residence","youth_country","language","ollen","duplets","comments","soundcheck","spontaneous_taps","sounds/ratio/ratio_subdiv_63ms_5_6.mp3","sounds/ratio/ratio_subdiv_125ms_3_4.mp3","sounds/ratio/ratio_subdiv_167ms_5_6.mp3","sounds/ratio/ratio_subdiv_84ms_5_6.mp3","sounds/ratio/ratio_subdiv_84ms_3_5.mp3","sounds/ratio/ratio_subdiv_84ms_4_5.mp3","sounds/ratio/ratio_subdiv_333ms_2_3.mp3","sounds/ratio/ratio_subdiv_167ms_2_3.mp3","sounds/ratio/ratio_subdiv_167ms_4_5.mp3","sounds/ratio/ratio_subdiv_125ms_4_5.mp3","sounds/ratio/ratio_subdiv_125ms_5_6.mp3","sounds/ratio/ratio_subdiv_63ms_3_5.mp3","sounds/ratio/ratio_subdiv_333ms_2_5.mp3","sounds/ratio/ratio_subdiv_167ms_3_4.mp3","sounds/ratio/ratio_subdiv_63ms_4_5.mp3","sounds/ratio/ratio_subdiv_250ms_2_3.mp3","sounds/ratio/ratio_subdiv_125ms_2_5.mp3","sounds/ratio/ratio_subdiv_167ms_2_5.mp3","sounds/ratio/ratio_subdiv_250ms_2_5.mp3","sounds/ratio/ratio_subdiv_125ms_2_3.mp3","sounds/ratio/ratio_subdiv_125ms_3_5.mp3","sounds/ratio/ratio_subdiv_167ms_3_5.mp3","sounds/pitch/3-C3-7_4-C5-7.mp3","sounds/pitch/2-C5-4_3-C3-10.mp3","sounds/pitch/2-C3-4_3-C5-10.mp3","sounds/pitch/3-C5-13_4-C3-1.mp3","sounds/pitch/3-C5-7_4-C3-7.mp3","sounds/pitch/3-C5-10_4-C3-4.mp3","sounds/pitch/3-C3-10_4-C5-4.mp3","sounds/pitch/2-C3-7_3-C5-7.mp3","sounds/pitch/2-C5-1_3-C3-13.mp3","sounds/pitch/3-C3-13_4-C5-1.mp3","sounds/pitch/2-C5-7_3-C3-7.mp3","sounds/pitch/2-C3-1_3-C5-13.mp3","MT_06","instrument","years_instr","sounds/tempo/2_3_135_202.5.mp3","sounds/tempo/3_4_186.7_248.9.mp3","sounds/tempo/3_4_213.3_284.4.mp3","sounds/tempo/2_3_303.7_455.6.mp3","sounds/tempo/2_3_120_180.mp3","sounds/tempo/3_4_50.6_67.5.mp3","sounds/tempo/3_4_67.5_90.mp3","sounds/tempo/2_3_168.7_253.1.mp3","sounds/tempo/2_3_60_90.mp3","sounds/tempo/2_3_40_60.mp3","sounds/tempo/2_3_90_135.mp3","sounds/tempo/3_4_120_160.mp3","sounds/tempo/3_4_284.4_379.2.mp3","sounds/tempo/3_4_90_120.mp3","sounds/tempo/3_4_379.2_505.7.mp3","sounds/tempo/2_3_202.5_303.7.mp3","sounds/tempo/3_4_38_50.6.mp3","sounds/tempo/3_4_160_213.3.mp3"
"1","5d36087bb7da26500c28d714f318b4ccd0c532bdad0fc6ca2ca1236bb90d9908",TRUE,2020-06-19 08:57:42,2020-06-19 08:43:20,"Smartphone (touchscreen)","Firefox","my device's internal speakers","18-19 years","Female","Afghanistan	","Afghanistan	","Arabic","Music-loving nonmusician","Yes, once before","Cecilie jdlgohllfnebbfkgkocogl glglgllgltlg lgkgllvlgntkogh glglgllgltlg glglhllgltk fkdjjdjsjd glgkgllgkf","sounds/ratio/poly_ratio_loudness_check.mp3","2164,2694,3205,3712,4213,4694,5212,5707,6238,6745,7285,7779,8278,8778,9291,9779,10295,10821,11372,11857,12371,12896,13407,13906,14426,14897,15398,15904,16397","3093,3478,3855,4543,4911,5318,5693,6411,6778,7170,7545,7929,8644,9011,9394,9795,10146,10532,10904,11288,11682,12442,12797,13544,13908,14298,14681,15389,15811,16209","2681,3186,3698,4207,4671,5170,5682,6135,6633,7120,7629,8118,8629,9121,9656,10130,10622,11114,11618,12128,12638,13159,13656,14167,14673,15152,15687,16175,16658,17165,18142","1629,11085,11987,12865,13724,14556,15341,16082,16954,17874,18715,19551,20350,21168,22083,23076,24001,25029","5761,6245,6681,7093,7515,7918,8336,8763,9170,9587,9979,10415,10836,11249,11671,12078,12500,12904,13339,13761,14195,14578,15005,15396,15812,16237,16646,17074,17496,17896,18321,18740,19147,19560,19983,20384","5891,6535,7173,7762,8397,9014,9656,10255,10882,11537,12150,12834,13445,14082,14691,15334,15910,16547,17157,17819,18416,19051,19655,20328,20950","4132,4574,4974,5372,5781,6230,6675,7090,7507,7923,8355,8766,9190,9601,9993,10415,10833,11266,11675,12083,12533,12954,13341,13772,14204,14625,15019,15419,15817,16276,16714,17136,17542,17946,18372,18760,19595,20027,20469,20871","5140,5791,6449,7133,7843,8467,9142,9776,10460,11148,11864,12503,13137,13817,14427,15126,15802,16462,17139,17824,18505,19173,19780,20453,21096,21787,22442,23148,23805,24448","3128,3822,4207,4491,4896,5180,5504,5787,6198,6907,7180,7465,8151,8898,9151,9523,10193,10891,11193,11531,12199,12848,13150,13518,14234,14483,14860,15524,16167,16783,17517,18543,18834,19184,19887,20185,20502,21232,21896,22196,22548,22819,23195,23878","7856,8462,9161,9815,10524,11131,11798,12521,13142,13790,14510,15215,15904,16492,17142,17849,18516,19167,19809,20494,21161,21822,22493,23118,23802","6113,6644,7150,7638,8128,8629,9150,9661,10163,10697,11169,11697,12217,12693,13169,13653,14164,14677,15172,15665,16145,16586,17137,17654,18181","8701,9463,10152,10842,11636,13121,13888,14587,15371,16145,16914,17705,18404,19163","6761,7284,7779,8265,8737,9177,9654,10098,10537,11016,11492,11949,12437,12933,13416,13875,14324,14783,15234,15664,16149","7853,8481,9136,9826,10503,11168,11837,12505,13154,13829,14527,15216,15821,16438,17157,17829,18489,19179,19813,20513,21190,21850,22475,23114,23791,24507","3805,4505,5210,6521,7207,7797,8471,9160,9830,10468,11145,11862,12474,13186,13827,14507,15206,15845,16485,17155,17813,18479,19154,19830,20489,21180,21830,22493,23175,23842","6211,6852,7484,8102,8720,9364,9987,10569,11204,11834,12445,13089,13694,14339,14955,15562,16222","4147,4655,5163,5647,6175,6648,7150,7649,8142,8655,9191,9661,10149,10668,11143,11650,12176,12667,13179,13701,14184,14637,15146,15689,16168,16667,17157,17674,18169,18661","3673,4316,4927,5536,6166,6851,7462,8124,8704,9368,9956,10546,11158,11754,12372,12992,13651,14320,14939,15592,16191,16888,17423,18075","3599,4192,4545,5205,5867,6506,7179,7848,8523,9174,9848,10204,10872,11543,12175,12843,13531,13814,14204,14815,15175,15848,16504,17200,17861,18510,18854,19494,20195,20856,21525,22184,22851,23518","6143,6632,7106,7608,8085,8588,9143,9635,10152,10644,11188,11633,12126,12615,13129,13652,14176,14673,15161,15652,16162,16661,17161,17629,18136,18663","2665,3365,4133,4922,5694,6456,7959,8707,9433,10209,10951,11660,12427,13190,13943,14701,15436,16193,16969,17656","3050,3794,4560,5310,6069,6803,7569,8326,9085,9839,10601,11334,12096,12828,13597,14329,15039,15856,16597,17339,18406","3682,4197,4689,5206,5715,6200,6722,7214,7698,8223,8708,9174,9687,10171,10695,11186,11710,12202,12738,13186,13687,14193,14678,15170,15713,16186,16720,17242,17712,18215,19222,19698,20214,20740,21190,21748,22231,22741,23257,23724",NA,NA,NA,NA,NA,NA,NA,NA,NA,NA,NA,NA,NA,NA,NA,NA,NA,NA,NA,NA,NA,NA,NA,NA,NA,NA,NA,NA,NA,NA,NA,NA,NA
"2","77bc077f3e27434d69bf2d9db73832540e262acb9dc950ff3b2209e170dd7425",FALSE,2020-06-19 09:58:13,2020-06-19 09:58:02,"Laptop (external mouse)","Edge","my device's internal speakers",NA,NA,NA,NA,NA,NA,NA,NA,NA,NA,NA,NA,NA,NA,NA,NA,NA,NA,NA,NA,NA,NA,NA,NA,NA,NA,NA,NA,NA,NA,NA,NA,NA,NA,NA,NA,NA,NA,NA,NA,NA,NA,NA,NA,NA,NA,NA,NA,NA,NA,NA,NA,NA,NA,NA,NA,NA,NA,NA,NA,NA,NA,NA,NA,NA
"3","ce7e5e1b7c7c6079b88e8e74dbb937b9e11a97e9a0a4475c1bd1a17058550d4c",TRUE,2020-06-19 10:04:23,2020-06-19 09:58:23,"Laptop (external mouse)","Edge","my device's internal speakers","18-19 years","Female","Afghanistan	","Afghanistan	","Arabic","Music-loving nonmusician","No","Cecilie pitch Edge rollermouse external speakers","sounds/pitch/poly_pitch_marimba_loudness.mp3","2734.9002795517626,3443.300030606195,4062.5003555552503,4666.300302534852,5238.700454086724,5858.400263053998,6471.400273293992,7090.800278072653,7751.2000700870485,8338.49997781335,8952.500093866583,9554.500077937707,10171.200138353662,10807.700359651251,11447.400009329772,12078.400217542926,12719.600025941312,13331.00032199084,13952.300414036981,14566.700458637831,15182.400413240539,15794.300193308277,16378.20042393564",NA,NA,NA,NA,NA,NA,NA,NA,NA,NA,NA,NA,NA,NA,NA,NA,NA,NA,NA,NA,NA,NA,"2404.700383544565,3137.1999540338147,3772.400265329554,4399.900103196356,5092.10018807451,5734.000298097526,6412.800216632706,7100.100465692049,7749.6003558965895,8420.100192625614,9068.000368639688,9728.8000892017,10420.399996814223,11097.600201158937,11720.200203206935,12416.20046262005,13088.500262257555,13751.999927182289,14391.800270108215,15769.500072248825,16420.100192625614,17092.39999226312,17788.50037603524,19088.900190805172","2808.0001638398535,3304.0998649458925,3787.400145862979,4167.799892366311,4627.7000865848095,5089.499799182391,5519.900285240641,5996.1002699944365,6404.5001348265505,6842.300152348311,7276.29999533511,7723.500324835273,8159.400255089553,8636.600345656595,9083.599857550347,9493.999934008941,9937.000160426527,10368.500307768627,10803.800060757275,11716.900081578598,12156.399937649825,12639.600094207911,13047.899834681025,13487.800188188281,13937.400088974143,14391.6000213902,14856.40005142751,15271.500283875313,15684.799984526238,16167.700336895708,16643.70007293149,17059.700286833525,17508.599885994757,17959.599821141484,18357.00022869314","3087.900084991925,3739.80011537057,4435.500001706663,5109.099711346033,5783.999899875649,6436.599662990513,7099.499719538013,8383.699868131676,9102.699716807357,9759.400027534196,10407.60000773688,11100.300145521658,11771.599839345915,12399.799978837356,13127.899766414426,13743.900094094147,14423.399745365546,15079.200074638167,15771.1999107983,16405.199867562783,17104.699928433838,17736.799797930842,18411.89966629006","3090.099976448022,3597.7003255179443,4089.90029661842,4594.500328248614,5102.899965525372,5642.30003857064,6098.000129706561,6573.80018591274,7081.600214812264,7598.299933895163,8097.799880988561,8593.299973717352,9090.099976448036,9597.799880988561,10094.4002038896,10590.399780636638,11101.999984071138,11594.000275341983,12095.099936625847,12570.000011377778,13106.499891342318,13586.100122083458,14100.999878257876,14597.700325517958,15122.200073500382,15614.199795882843,16085.800317894856,16549.69979758952,17078.80014609055,17569.79976265975,18087.79996063294,18617.700166229202,19102.100108430124","5102.699716807372,5776.299995335139,6429.499935715634,7101.700179882522,7759.199778816197,8422.099835363711,9078.800146090565,9713.9998884979,10410.800005006225,11063.600016839103,11790.100090225722,12452.799898055207,13091.20020662027,13734.80015519276,14382.00002958221,15090.499904995638,15785.600182954513,16421.699906816095,17078.599897372536,17750.099839914823,18401.800190463866,19068.49985265793","3068.4998526579,3588.3995690101583,4100.7996295398625,4593.9997064535855,5093.399529187969,5573.0998842880945,6076.099632839439,6597.799880988547,7068.699532487517,7556.399596316798,8068.399728298915,8540.999787235749,9116.39968733894,9584.39971464558,10068.699532487517,10552.699546140822,11073.299564117711,11588.399569010158,12048.59956741726,12556.499720675783,13084.099910456978,13592.999600640352,14100.399700992246,14584.699518834182,15081.000037546648,15593.299973717366,16108.2998542508,16560.69982375836,17076.499561387056,17594.0998308126,18093.299973717366,18568.4998526579,19084.39971464558","3103.7999469795904,3755.400173169619,4419.1000868123665,5104.699928433838,5767.700109340338,6411.100378083211,7092.000063715503,7719.500470470695,8448.200435313396,9076.500130275439,9767.500429510721,10403.3003491837,11096.900468422711,11716.000100124336,12387.700291384622,13061.699929571594,13764.600236430007,14442.40004915194,15062.000302648608,15729.1004622787,16391.4003415606,17047.500475021806,17696.100383772107,18403.3003491837,19075.899953009822","3751.599998634658,4403.300349183701,5048.30033211704,5752.100051541289,6411.699986460444,7085.800317894842,7748.5001257243275,8383.500188302074,9052.700115029234,9742.100131185667,10439.300176241638,11075.500024462206,11735.900385365006,12415.40003663642,13091.300330979283,13750.800141539424,14420.000068266614,15083.100373532128,15743.900094094133,16423.599994083546,17087.500156444322,17728.9002135607,18384.10036556769","2831.8001790860435,3323.900025827519,3744.5002713597496,4178.90004289418,4624.200285126863,5081.300410623633,5559.100109567895,5995.900021276408,6451.3003082237265,6851.600339967699,7287.400145862979,7724.000377741875,8219.600025941297,8683.60019888336,9103.800515868002,9519.60048105201,9966.900366022775,10435.500001706648,10843.200133802543,11316.600049834611,11759.400027534196,12167.900016725296,12627.000353848561,13088.500262257555,13519.300107974995,13986.400153827417,14426.700435882288,14872.50016213319,15307.200306744605,15775.900066787493,16183.800447601388,16639.60009420791,17099.30003970841,17552.100506652,17972.100006030203,18409.50009500436","3108.500102968799,3776.500244053139,4456.400392760552,5104.50024860425,5745.00032426641,6420.799925361847,7072.199902833876,7772.099892252561,8437.400088974187,9092.399992263148,9767.999913528998,10412.000359537458,11069.499958471133,11752.600104447949,12409.300415174773,13064.300318463734,13733.69992502054,14428.099901354784,15100.200021162658,15764.700360789051,16405.100312092196,17068.00036863968,17748.600250083342,18398.10014028792,19071.79997428626","2835.1998561850632,3282.1999369671684,3767.700109340367,4203.700163953647,4622.799681877601,5087.699836273969,5515.600057799078,5933.999842986814,6410.900129365269,6860.299781433074,7286.999648427009,7739.099813745939,8186.700071793748,8622.899806236615,9073.200008647109,9518.899610539025,9958.999643875868,10431.79995153076,10874.899733418948,11288.499807146843,11743.400041187531,12198.39983069885,12647.599802937067,13071.900098645303,13546.399675961176,13974.90007475199,14399.400050289754,14815.099891114805,15311.60008965683,15722.8000232107,16200.299917966302,16598.400058254192,17078.49977301358,17526.29971089092,17958.09966242162,18403.399904654303","2430.100112981221,2506.0000659910147,3122.500446577382,3725.8003406503703,4390.500360106351,5082.000143359881,5745.800181361614,6409.500095004332,7089.900296618405,7750.5003373508225,8439.200051882595,9085.800317894842,9762.300220614881,10447.500133688736,11085.600069176813,11753.300406072521,12441.600192056736,13114.300489130255,13765.900146431871,14406.000293546414,15089.600492429803,15759.20034770458,16421.70047570445,17122.00039367075,17754.400067356357,18430.10011298122",NA,NA,NA,NA,NA,NA,NA,NA,NA,NA,NA,NA,NA,NA,NA,NA,NA,NA,NA,NA,NA
"4","77a1a8ad2985167f5fb02fbcc480d483ed0ba2daf55c2a377ab5c8afea3c8766",FALSE,2020-06-19 11:15:58,2020-06-19 11:15:26,"Smartphone (touchscreen)","Chrome","around-ear headphones",NA,NA,NA,NA,NA,NA,NA,NA,NA,NA,NA,NA,NA,NA,NA,NA,NA,NA,NA,NA,NA,NA,NA,NA,NA,NA,NA,NA,NA,NA,NA,NA,NA,NA,NA,NA,NA,NA,NA,NA,NA,NA,NA,NA,NA,NA,NA,NA,NA,NA,NA,NA,NA,NA,NA,NA,NA,NA,NA,NA,NA,NA,NA,NA,NA
"5","d2afbb118cf172a9f50975d89558f81d5b35db7e01dd138d3a1b4bf56adf5d2d",TRUE,2020-06-19 11:35:12,2020-06-19 11:22:00,"Laptop (external mouse)","Chrome","on-ear headphones","30-31","Male","Andorra	","Andorra	","Catalan","Semiprofessional musician","No","The superfast one is really hard to tap.","sounds/ratio/poly_ratio_loudness_check.mp3","1159.6649999992223,1694.7649999929126,2232.139999992796,2719.2899999936344,3207.1799999976065,3743.6499999894295,4255.015000002459,4767.1750000008615,5319.10500000231,6038.730000000214,6552.024999997229,7078.079999992042,7599.289999998291,8071.479999998701,8622.259999989183,9143.344999989495,9639.204999999492,10191.44999999844,10685.704999996233,11191.6249999922,11694.759999998496,12255.489999995916,12751.489999995101,13263.299999991432,13749.70499999472,14271.689999994123,14791.379999995115,15485.104999999749,15974.974999990081","5016.955000013695,5510.630000004312,6040.37000000244,6438.845000011497,6984.455000012531,7511.965000012424,7976.540000003297,8471.994999999879,9064.300000012736,9647.075000000768,10160.560000003898,10750.850000011269,11254.860000000917,11848.620000004303,12432.000000000698,12984.485000008135,13479.160000002594,13936.255000007804,14368.585000003804,14849.320000008447,15408.69000001112,15888.355000002775","2504.3250000016997,3024.795000004815,3495.7850000064354,3975.6150000030175,4464.485000004061,4992.245000001276,5423.739999998361,5903.18500000285,6455.78000000387,6920.555000004242,7472.284999996191,8015.7299999991665,8494.640000004438,8935.775000005378,9455.70000000589,9952.405000003637,10432.205000004615,10960.030000002007,11472.355000005336,11941.984999997658,12462.410000007367,13024.124999996275,13518.840000004275,14032.229999997071,14461.890000005951,14952.170000004116,15502.155000009225,15975.709999998799,16568.190000005416,17000.58999999601,17448.100000008708,17928.5200000013","5192.565000004834,6120.060000001104,7025.430000008782,7824.515000000247,8728.79500000272,9495.055000006687,10264.575000008335,10960.115000008955,11760.204999998678,12672.655000002123,13480.21000000881,14311.000000001513,15088.635000007343,15904.609999997774,16713.159999999334,17695.424999998068,18536.69500000251,19472.62000000046,20288.985000006505,21064.85999999859,21880.27000000875,22775.195000009262,23616.795000009006,24456.810000003316,25224.7500000085","5704.165000002831,6320.05000000936,6808.310000007623,7256.225000004633,7767.715000009048,8231.979999996838,8792.06000000704,9302.620000002207,9824.455000009038,10392.090000008466,10840.080000009038,11360.014999998384,11880.080000002636,12352.079999996931,12872.354999999516,13344.18500000902,13880.000000004657,14464.319999999134,15016.325000004144,15607.719999999972,16239.184999998542,16976.745000007213,17487.8549999994,17992.095000008703,18583.119999995688,19237.770000007004,19767.53500000632,20264.085000002524,20864.15500000294","3165.4149999958463,3726.7199999914737,4263.229999996838,4703.504999997676,5214.905000000726,5792.359999992186,6319.869999992079,6800.524999998743,7253.94999999844,7742.140000002109,8278.409999998985,8800.179999991087,9319.579999995767,9735.91000000306,10232.049999991432,10751.929999998538,11277.839999995194,11751.81000000157,12199.949999994715,12679.974999991828,13127.775000000838,13663.289999996778,14199.779999995371,14680.104999992182,15118.174999995972,15599.824999997509,16032.679999989341,16551.674999995157,16975.680000003194,17535.66999999748,18031.944999995176,18511.939999996684,19007.774999990943,19447.809999997844,19895.810000001802,20301.70499999076,20743.31499999971","1997.8350000019418,3592.2350000037113,4120.790000000852,4631.934999997611,5256.379999991623,5831.850000002305,6336.224999991828,6872.369999997318,7432.010000004084,7912.224999992759,8400.085000001127,8976.095000005444,9472.280000001774,9984.43500000576,10527.71500000381,10944.294999993872,11544.215000001714,12016.239999997197,12504.329999996116,12960.229999996955,13494.579999998678,14032.254999998258,14553.079999997863,15112.139999997453,15656.65999999328,16192.154999997001,16758.419999998296,17335.894999996526,17864.394999996875,18344.234999996843,18846.904999998515,19446.41999999294,19960.074999995413,20438.50499999826,20920.1999999932","3656.2700000067707,4336.320000002161,5032.265000001644,5776.205000001937,6407.670000000508,6990.570000009029,7624.325000011595,8320.270000011078,9000.265000009676,9632.129999998142,10352.840000006836,10984.405000010156,11702.47499999823,12496.4050000126,13080.175000010058,13720.1100000093,14320.105000006151,15000.230000005104,15664.255000010598,16304.370000012568,16967.820000005304,17664.515000011306,18294.71500001091,18936.22000000323,19623.825000002398,20287.804999999935,20977.230000004056,21678.02500000107,22320.220000008703,23136.324999999488,23687.770000004093,24312.30499999947,24933.920000010403","3008.2600000023376,3383.7300000013784,4001.0049999982584,4608.160000003409,5128.295000002254,5702.644999997574,6328.22500000475,6776.219999999739,7383.78499999817,7943.670000007842,8536.059999998542,9048.150000002352,9632.324999998673,10079.30500000657,10576.304999995045,11032.43000000657,11552.550000007614,12040.34999999567,12488.355000008596,13088.2649999985,13568.28000000678,14080.920000007609,14592.644999996992,15080.635000005714,15720.375000004424,16120.280000002822,16598.66499999771,17096.21000000334,17600.189999997383,18040.380000005825,18648.19500000158,19096.044999998412,19583.849999995437,20095.820000002277,20576.06500000111,21000.49000000581,21520.350000006147,22039.870000007795,22528.415000007953,22960.0999999966,23503.865000006044","7656.455000003916,8312.93500000902,9120.250000007218,9736.140000008163,10304.250000001048,10959.9850000086,11656.255000008969,12374.23500001023,12976.385000001756,13616.435000003548,14287.700000000768,14967.12000000116,15720.195000001695,16287.259999997332,16904.334999999264,17607.68500000995,18287.615000008373,19000.820000001113,19590.420000007725,20264.41000000341,20952.47499999823,21607.80500000692,22319.510000001173,22967.715000006137,23616.110000002664","6063.415000011446,6559.510000006412,7150.485000005574,7679.745000001276,8176.570000010543,8647.850000008475,9120.140000013635,9639.990000010584,10078.165000013541,10583.380000010948,11023.325000001932,11536.160000003292,12101.980000006733,12559.94500000088,13069.415000005392,13511.925000013434,14023.600000000442,14583.405000012135,15055.775000000722,15520.055000000866,16039.950000005774,16511.8300000031,17080.01000000513,17567.82500000554,18031.915000014124","5499.314999993658,6132.56499999261,6812.454999992042,7525.149999986752,8261.679999995977,9069.134999997914,9772.389999998268,10492.929999993066,11221.044999998412,11932.22999999125,12876.959999994142,13501.014999987092,14196.83499999519,14908.99999999965,15652.364999987185,16444.859999988694,17124.794999996084,17899.40999999817,18652.949999988778,19404.79499999492","3160.699999993085,3856.839999993099,4513.114999994286,5184.67000000237,5806.519999998272,6440.260000003036,6944.730000002892,7392.494999992778,8048.624999995809,8568.809999997029,9176.940000004834,9592.749999996158,10112.544999996317,10568.6299999943,11111.804999993183,11672.609999994165,12208.90500000678,12736.96999999811,13264.704999994137,13792.625000001863,14240.120000002207,14745.16500000027,15184.634999997797,15712.534999998752,16216.76500000467","5657.689999992726,6304.474999997183,6936.639999999898,7552.094999991823,8224.495000002207,8952.405000003637,9616.920000000391,10264.569999999367,10896.679999990738,11584.445000000414,12288.91499999736,12902.829999991809,13528.55499999714,14230.765000000247,14880.145000002813,15544.490000000224,15944.7899999941,16936.619999993127,17608.439999996335,18272.320000003674,18968.49499999371,19648.27000000514,20337.45999999519,20984.490000002552,21639.95499999146,22358.15499999444,22672.624999991967,22991.299999994226,23616.750000001048,24288.589999996475,24928.80999999761","3008.9850000076694,3679.970000011963,4320.214999999735,4920.140000001993,5582.795000009355,6303.110000008019,6936.580000008689,7632.425000003423,8312.26500000048,8944.20500000706,9632.420000009006,10328.535000007832,10952.36000001023,11584.545000005164,12288.430000000517,12944.080000001122,13809.325000009267,14359.930000005988,14928.635000003851,15584.31500000006,16239.874999999302,16848.53000000294,17552.28000000352,18264.450000002398,18912.2500000085,19552.3749999993,20256.62500000908,20856.225000010454,21519.960000005085,22264.090000011493,22848.640000011073,23512.40000000689","4920.225000008941,5718.270000012126,6185.065000012401,6840.390000012121,7511.145000011311,8112.275000006775,8816.975000008824,9424.205000002985,10072.380000012345,10902.4400000053,11617.380000010598,12336.999999999534,13063.950000010664,13767.230000012205,14342.950000005658,15064.615000010235,15718.290000004345","3958.774999991874,4520.015000001877,5016.40999999654,5520.130000004428,6008.424999992712,6527.010000005248,6992.5249999942025,7552.450000002864,8039.875000002212,8504.449999993085,9056.570000000647,9544.290000005276,9992.490000004182,10510.639999993145,10992.369999992661,11488.444999995409,11984.385000003385,12490.120000002207,13008.149999994203,13472.429999994347,13944.564999997965,14457.265000004554,14984.43500000576,15488.664999997127,15960.109999999986,16488.414999999804,17007.76500000211,17494.83500000497,18008.434999996098,18488.54000000574","4825.379999994766,5505.429999990156,6048.26999999932,6696.994999991148,7287.904999990133,7905.344999991939,8576.939999999013,9201.984999992419,9793.494999990799,10489.474999994854,11073.609999992186,11776.594999988447,12313.639999993029,12905.554999990272,13585.679999989225,14201.279999993858,14785.359999994398,15409.304999993765,16065.479999990202,16665.414999995846,17273.554999992484,17888.314999989234","4336.089999997057,5007.89999999688,5686.180000004242,6072.60500000848,6663.8850000017555,7296.864999996615,7736.1000000091735,8272.274999995716,8832.34999999695,9343.98499999952,9877.814999999828,10486.65500000061,11048.139999998966,11623.749999998836,12166.410000005271,12663.905000008526,13183.660000009695,13782.245000009425,14309.875000006286,14870.655000006082,15448.230000009062,16016.125000009197,16616.065000009257,17208.27499999723,17784.599999999045,18376.264999998966,18982.239999997546,19400.130000009085,20056.27000000095,20640.40499999828,21062.61999999697,21568.41500000155,22143.754999997327,22662.3649999965,23183.774999997695,23743.855000007898","5543.665000004694,6048.139999998966,6576.035000005504,7040.37000000244,7496.109999992768,8000.209999998333,8440.43000000238,8976.815000001807,9488.28499999945,10016.189999994822,10496.259999999893,10968.110000001616,11503.744999994524,11992.17499999213,12503.895000001648,12960.229999996955,13423.914999992121,13903.730000005453,14448.319999995874,14976.114999997662,15520.430000004126,15960.175000000163,16488.20500000147,16992.05499999516,17472.2299999994,17976.175000003423,18448.105000003125","7000.354999996489,7663.93500000413,8456.135000000359,9224.33500000625,9968.479999995907,10688.314999992144,11456.070000000182,12191.47000000521,12960.445000004256,13728.424999993877,14480.005000004894,15224.059999993187,15960.024999993038,16702.45500000601,17496.725000004517,18224.044999995385","5895.864999998594,6392.494999992778,6760.529999999562,7144.5999999996275,7472.385000000941,7848.089999999502,8208.304999992833,8544.519999995828,8950.859999997192,9280.63999999722,9632.694999992964,10016.709999996237,10392.484999989392,10760.31499999226,11136.549999995623,11488.059999988764,11888.159999987693,12312.589999986812,12712.514999991981,13038.719999996829,13432.639999999083,13782.95999999682,14167.78499999782,14528.049999993527,14888.69499998691,15296.504999991157,15624.694999991334,16016.834999987623,16576.634999990347,16808.25499999628,17208.669999992708,17551.499999986845,17904.61499999219,18287.919999987935","4104.364999991958,4560.11999999464,5048.004999989644,5488.059999988764,5984.159999992698,6512.349999989965,7008.014999999432,7415.559999994002,7904.129999995348,8448.124999995343,8974.040000000969,9455.904999995255,9928.019999992102,10400.214999986929,11000.03499999002,11520.139999993262,11967.969999997877,12415.574999991804,12944.31999999506,13464.039999991655,13960.264999986975,14448.09499999974,14926.394999987679,15424.244999987422,15997.869999991963,16526.079999996,16950.70499999565,17422.554999997374,17919.96499999368,18407.95499998785,18968.069999988074,19456.18999999715,19944.22499999928,20390.499999994063,20943.664999998873,21447.91499999701,21895.684999995865,22319.999999992433,22832.22999999998,23352.520000000368",NA,NA,NA,NA,NA,NA,NA,NA,NA,NA,NA,NA,"3","violin","22",NA,NA,NA,NA,NA,NA,NA,NA,NA,NA,NA,NA,NA,NA,NA,NA,NA,NA
"6","14de35538a3f15cc1625a31a09efc63f9510fe7e6f8b33491e5e9a5ae57167d7",FALSE,2020-06-19 11:42:22,2020-06-19 11:41:55,"Smartphone (touchscreen)","Chrome","in-ear headphones",NA,NA,NA,NA,NA,NA,NA,NA,NA,NA,NA,NA,NA,NA,NA,NA,NA,NA,NA,NA,NA,NA,NA,NA,NA,NA,NA,NA,NA,NA,NA,NA,NA,NA,NA,NA,NA,NA,NA,NA,NA,NA,NA,NA,NA,NA,NA,NA,NA,NA,NA,NA,NA,NA,NA,NA,NA,NA,NA,NA,NA,NA,NA,NA,NA
"7","9b35edc0cfcc7b96a365d57a02a8edb2eb0bcf49178f06130bb593e99863a57e",TRUE,2020-06-19 11:56:25,2020-06-19 11:45:30,"Smartphone (touchscreen)","Chrome","in-ear headphones","68-69","Other","Antigua & Barbuda	","Antigua & Barbuda	","Punjabi","Music-loving nonmusician","No","The fastest ones molest the ear...
I will have to include subdivision meters for the slower ones. ","sounds/tempo/poly_tempo_loudness_check.mp3","1913.0000000004657,2655.1999999792315,3316.599999961909,3936.799999966752,4624.699999985751,5372.799999953713,6038.699999975506,6661.199999973178,7260.699999984354,7890.199999965262,8541.999999957625,9161.499999987427,9696.200000005774,10285.299999988638,10916.700000001583,11486.99999996461,12056.299999996554,12725.899999961257,13324.699999997392,13990.999999979977,14596.39999998035,15173.49999997532,15775.399999984074,16403.899999975692",NA,NA,NA,NA,NA,NA,NA,NA,NA,NA,NA,NA,NA,NA,NA,NA,NA,NA,NA,NA,NA,NA,NA,NA,NA,NA,NA,NA,NA,NA,NA,NA,NA,NA,NA,NA,NA,"4902.200000011362,5557.299999985844,6340.599999995902,6855.600000009872,7424.799999978859,8081.599999975879,8533.300000010058,9031.59999998752,9484.30000001099,9971.799999999348,10360.89999997057,10810.399999958463,11231.900000013411,11682.900000014342,12091.000000014901,12500.79999997979,12919.599999964703,13339.600000006612,13783.400000014808,14216.699999989942,14688.49999998929,15124.499999976251,15604.799999971874,16049.39999995986,16502.29999999283,16980.899999965914,17412.599999981467,17888.39999999618,18301.600000006147,18731.90000001341,19155.70000000298,19604.599999962375","3278.7999999709427,3783.400000014808,4215.299999981653,4745.999999984633,5175.699999963399,5632.899999967776,6125.99999998929,6635.299999965355,7117.199999978766,7617.299999983516,8065.499999967869,8572.600000014063,9041.700000001583,9526.899999997113,10011.899999983143,10486.700000008568,10931.700000015553,11432.399999990594,11880.599999974947,12364.799999981187,12834.600000001956,13335.199999972247,13838.600000017323,14311.099999991711,14812.80000001425,15285.199999983888,15773.500000010245,16260.899999993853,16740.400000009686,17255.699999979697,17708.299999998417,18233.99999999674,18707.799999974668,19199.800000002142","3052.9000000096858,3469.9999999720603,3827.099999994971,4273.500000010245,4644.1999999806285,5075.599999981932,5494.799999985844,5928.399999975227,6344.899999967311,6781.099999963772,7176.7000000108965,7578.39999999851,8008.399999991525,8488.699999987148,8917.399999976624,9326.000000000931,9714.600000006612,10144.900000013877,10547.49999998603,10956.39999996638,11385.299999965355,11797.29999997653,12244.899999990594,12741.199999989476,13153.300000005402,13593.40000001248,14015.49999997951,14450.899999996182,14787.499999976717,15209.700000006706,15587.300000013784,15964.099999982864,16377.299999992829,16811.79999996675,17260.200000018813,17658.7999999756,18081.200000015087,18510.299999965355,18944.699999992736,19337.799999979325","2729.2000000015832,3218.899999978021,3643.999999971129,4058.2999999751337,4895.799999998417,5296.70000000624,5726.499999989755,6125.399999960791,6507.899999967776,6904.899999964982,7295.899999968242,7680.300000007264,8076.299999956973,8464.600000006612,8856.800000008661,9240.399999951478,9974.400000006426,10402.299999957904,10813.49999998929,11261.499999964144,11655.199999979232,12039.999999979045,12437.799999956042,12827.499999955762,13211.799999990035,13563.900000008289,14019.899999955669,14378.89999995241,14735.599999956321,15153.599999961443,15574.499999987893,15995.799999975134,16410.09999997914,16791.099999973085,17190.999999991618,17576.699999975972,17974.099999992177,18359.79999997653,18767.3000000068,19143.59999995213,19546.799999952782","3367.499999993015,4098.499999963678,4506.899999978486,5081.6999999806285,5507.500000006985,5981.700000003912,6416.999999957625,6902.699999976903,7374.599999981001,7873.0999999679625,8364.699999976438,8878.900000010617,9388.70000001043,9912.099999957718,10393.400000000838,10817.500000004657,11296.49999999674,11773.199999995995,12227.299999969546,12791.999999957625,13313.69999999879,13848.200000007637,14305.399999953806,14804.899999988265,15328.9999999688,15907.29999996256,16379.399999976158,16912.499999976717,17347.09999995539,17842.89999998873,18312.89999996079,18849.300000001676,19330.29999997234","4787.100000015926,5603.300000017043,6226.800000004005,6732.699999993201,7274.499999999534,7871.999999973923,8452.99999997951,9077.799999970011,9684.200000017881,10261.600000027101,10811.099999991711,11360.40000000503,12010.899999993853,12599.400000006426,13211.699999985285,13806.900000025053,14387.500000011642,14984.600000025239,15573.099999979604,16156.69999999227,16713.300000003073,17323.299999989104,17915.800000017043,18537.799999990966,19121.400000003632,19691.79999997141,20330.59999998659,20906.69999999227,21508.600000001024,22070.999999996275","3983.3000000217,4903.9000000339,5754.800000053365,6595.500000054017,7511.100000003353,8351.699999999255,9184.90000005113,10100.900000019465,10989.600000029895,11840.60000005411,12882.400000002235,13726.200000033714,14598.800000036135,15533.100000000559,16347.999999998137,17239.900000044145,18189.300000027288,19062.900000019","2806.9000000250526,3373.8000000012107,4071.4000000152737,4751.600000017788,5521.600000036415,6224.500000011176,6927.700000000186,7608.600000035949,9027.000000001863,9767.700000025798,10469.700000016019,11094.09999998752,11892.800000030547,12645.599999988917,13362.300000037067,14042.200000025332,14730.900000024121,15487.399999983609,16213.700000022072,16949.00000002235,17653.80000002915,18339.299999992363,19027.999999991152","3360.7999999658205,4059.799999988172,4713.600000017323,5316.400000010617,6041.499999992084,6725.800000014715,7345.499999995809,7972.399999969639,8648.099999991246,9291.599999996834,9931.400000001304,10662.000000011176,11322.999999974854,11981.199999980163,12672.199999971781,13320.499999972526,14034.299999999348,14693.199999979697,15325.100000016391,16009.199999971315,16695.499999972526,17376.79999996908,18049.89999998361,18671.60000000149","2793.0000000051223,3458.199999993667,3881.3000000081956,4356.700000003912,6298.000000009779,7304.500000027474,8329.49999999255,9269.199999980628,10266.700000036508,11295.8000000217,12277.000000001863,13269.499999994878,14331.999999994878,15325.30000002589,16340.700000000652,17261.6000000271,18215.499999991152,19195.799999986775","2590.700000000652,3109.8999999812804,3578.9000000222586,4026.899999997113,4460.299999976996,4943.599999998696,5360.19999999553,5804.3000000179745,6270.000000018626,6707.0999999996275,7132.299999997485,7597.200000018347,8067.700000014156,8470.700000005309,8918.300000019372,9342.899999988731,9783.200000005309,10257.400000002235,10683.900000003632,11222.399999969639,11599.700000020675,12040.299999993294,12459.299999987707,13442.600000009406,13788.300000014715,14230.199999990873,14679.899999988265,15089.900000020862,15514.199999975972,15959.900000016205,16436.8999999715,16894.599999999627,17359.50000002049,17798.99999999907,18217.40000002319,18632.299999997485,19107.59999998845,19555.400000012014","2768.400000000838,3271.7000000411645,3869.9999999953434,4377.600000007078,4894.300000043586,5396.500000031665,5849.800000025425,6316.500000015367,6845.300000044517,7337.400000018533,7867.700000002515,8393.000000040047,8880.000000004657,9415.600000007544,9913.600000028964,10405.399999988731,10866.100000042934,11371.199999994133,11886.300000012852,12419.80000003241,12922.00000002049,13443.399999989197,13942.600000009406,14436.60000001546,14880.500000028405,15331.400000024587,15838.300000003073,16417.40000003483,16907.00000000652,17407.99999999581,17859.70000002999,18336.799999990035,18868.900000001304","2694.000000017695,3213.6000000173226,3823.499999998603,4464.099999982864,5052.1999999764375,5602.499999979045,6311.099999991711,6915.399999998044,7576.300000015181,8264.90000000922,8900.199999974575,9505.000000004657,10153.300000005402,10794.200000003912,11464.399999997113,12064.59999998333,12702.99999997951,13372.199999983422,13991.700000013225,14568.299999984447,15170.8000000217,15876.600000017788,16500.50000002375,17134.900000004563,17720.09999997681,18307.299999985844,18950.599999981932,19599.300000001676","5190.599999972619,5983.299999963492,6837.799999979325,7410.899999958929,8111.399999994319,8767.89999997709,9412.899999995716,10074.900000006892,10766.4999999688,11376.500000013039,12023.999999975786,12712.899999984074,13346.499999985099,14007.699999958277,14655.399999988731,15346.499999985099,16008.800000010524,16682.399999990594,17300.99999997765,17996.60000001313,18645.19999996992","2369.0000000060536,2885.699999984354,3336.0000000102445,3758.0999999772757,4216.100000019651,4689.799999992829,5159.999999974389,5619.100000010803,6097.999999998137,6607.299999974202,7100.900000019465,7550.099999993108,7990.300000004936,8436.899999971502,8927.599999995437,9412.799999990966,9892.89999997709,10376.99999997858,10844.99999997206,11263.90000001993,11766.8999999878,12245.300000009593,12708.099999988917,13184.799999988172,13668.599999975413,14132.600000011735,14592.10000000894,15034.299999999348,15531.10000002198,16010.899999993853,16489.400000020396,17012.300000002142,17457.099999999627,17942.299999995157,18378.900000010617,18907.49999997206,19370.600000023842","2545.70000001695,3071.300000010524,3669.3000000086613,4262.5000000116415,4881.700000027195,5487.000000022817,6046.60000000149,6615.300000004936,7239.100000006147,7795.099999988452,8392.800000030547,8998.00000002142,9633.100000035483,10210.900000005495,10755.100000009406,11356.700000003912,11980.199999990873,12576.50000002468,13155.49999999348,13706.500000029337,14319.000000017695,14912.100000015926,15505.100000009406,16088.600000017323,16706.999999994878,17279.70000001369,17885.599999979604,18486.800000013318,19065.999999991618,19700.40000003064","5907.000000006519,6910.600000002887,7649.800000013784,8358.99999999674,9139.20000003418,9987.100000027567,10704.49999999255,11530.70000000298,12370.400000014342,13126.600000017788,13918.300000019372,14675.300000002608,15434.70000004163,16200.200000021141,17066.400000010617,17861.800000013318,18635.70000004256,19431.100000045262,20213.900000031572,21014.00000002468,21763.50000000093,22529.50000000419,23310.90000004042,24081.100000010338,24893.40000000084,25761.200000008103,26576.50000002468,27375.99999998929,28113.000000012107,28917.799999995623","2514.3999999854714,3079.9999999580905,3579.4999999925494,4137.399999948684,4646.199999959208,5250.89999998454,5793.899999989662,6397.399999957997,6915.500000002794,7505.299999960698,8005.899999989197,8639.59999999497,9140.69999998901,9726.499999989755,10225.199999986216,10826.799999980722,11391.99999999255,11947.099999990314,12509.199999971315,13023.099999991246,13631.599999964237,14211.599999980535,14746.199999994133,15289.399999950547,15895.199999969918,16452.89999997476,17035.600000002887,17578.5999999498,18156.79999999702,18746.999999973923"
"8","6effece6dbe3d4e33dcce54fc6064a4ca217cd7b5336be91c4781ad02daea497",FALSE,2020-06-19 12:00:29,2020-06-19 12:00:07,"Laptop (touchpad)","Chrome","my device's internal speakers",NA,NA,NA,NA,NA,NA,NA,NA,NA,NA,NA,NA,NA,NA,NA,NA,NA,NA,NA,NA,NA,NA,NA,NA,NA,NA,NA,NA,NA,NA,NA,NA,NA,NA,NA,NA,NA,NA,NA,NA,NA,NA,NA,NA,NA,NA,NA,NA,NA,NA,NA,NA,NA,NA,NA,NA,NA,NA,NA,NA,NA,NA,NA,NA,NA
"9","77a1a8ad2985167f5fb02fbcc480d483ed0ba2daf55c2a377ab5c8afea3c8766",TRUE,2020-06-19 12:16:57,2020-06-19 11:15:26,"Smartphone (touchscreen)","Chrome","around-ear headphones","32-33","Male","Denmark	","Germany	","German","Amateur musician","No","Jan","sounds/ratio/poly_ratio_loudness_check.mp3","2184.2000000033295,2770.4000000012456,3415.8000000024913,4030.7000000029802,4681.30000000383,5381.500000003143,6077.900000003865,6762.000000002445,7447.000000000116,8138.700000003155,8843.300000000454,9568.200000001525,10241.600000001199,10893.000000003667,11577.800000006391,12237.300000000687,12903.400000002875,13570.000000006985,14231.400000004214,14915.30000000057,15576.80000000255,16250.300000006973","2985.8000000022002,3419.90000000078,3885.199999996985,4412.700000000768,4874.199999998382,5370.999999999185,5885.999999998603,6347.099999999045,6782.599999998638,7260.199999996985,7753.40000000142,8211.90000000206,8643.000000003667,9120.900000001711,9607.40000000078,10062.299999997776,10503.300000003946,10976.300000002084,11461.79999999731,11974.5000000039,12395.199999999022,12866.699999998673,13347.200000003795,13824.399999997695,14273.600000000442,14738.199999999779,15228.199999997742,15720.000000001164,16164.9000000034","3855.70000000007,4391.400000000431,4895.199999999022,5380.899999996473,5874.599999995553,6384.59999999759,6881.999999997788,7380.10000000213,7873.200000001816,8362.39999999816,8837.200000001758,9357.29999999603,9881.69999999809,10357.40000000078,10879.199999995762,11366.699999998673,11871.699999996054,12367.899999997462,12867.099999995844,13353.600000002189,13860.30000000028,14367.500000000291,14834.199999997509,15342.199999999139,15882.799999999406,16358.500000002095,16844.199999999546,17360.19999999553,17852.399999996123,18351.699999999255","5498.099999997066,6491.3999999989755,7358.4999999948195,8334.69999999943,9364.299999993818,10397.999999993772,11335.499999993772,12363.499999999476,13316.99999999546,14328.199999996286,15343.199999995704,16298.299999994924,17342.09999999439,18333.299999998417,19335.49999999377,20341.699999997218,21396.199999995588,22345.299999993586,23323.099999994156,24351.299999994808,24779.39999999944,25493.999999998778","5994.400000003225,6482.100000001083,7038.59999999986,7584.100000000035,8107.300000003306,8604.200000001583,9039.000000004307,9506.80000000284,10004.400000005262,10525.7000000056,10984.800000005635,11477.700000003097,11995.39999999979,12496.500000001106,13007.400000002235,13510.000000002037,13995.00000000262,14498.80000000121,15003.200000006473,15522.100000001956,16041.199999999662,16519.000000000233,17031.700000006822,17523.300000000745,18037.50000000582,18543.400000002293,19033.99999999965,19519.40000000468,20002.900000006775,20534.300000006624","4991.99999999837,5252.099999997881,5520.599999996193,5786.699999996927,6071.0999999937485,6276.2000000002445,6521.699999997509,6772.599999996601,7032.199999994191,7274.399999994785,7515.599999998813,7767.299999999523,8020.699999993667,8261.19999999355,8505.099999994854,8754.60000000021,9021.499999995285,9279.499999996915,9541.699999994307,9781.199999997625,10031.100000000151,10273.099999998522,10534.599999999045,10785.70000000036,11041.199999999662,11285.299999995914,11518.899999995483,11760.399999999208,12012.399999999616,12264.69999999972,12524.099999995087,12762.99999999901,13022.699999994074,13264.499999997497,13518.79999999801,13779.599999994389,14035.19999999844,14292.999999997846,14532.399999996414,14785.19999999844,15030.800000000454,15276.79999999964,15522.09999999468,15774.399999994785,16015.89999999851,16272.699999994074,16524.099999995087,16772.99999999377,17025.199999996403,17276.399999995192,17534.599999999045,17783.699999999953,18045.699999995122,18286.00000000006,18546.399999999267,18778.800000000047,19029.999999998836,19281.79999999702,19532.49999999389,19782.99999999581,20024.499999999534,20256.999999997788,20517.199999994773,20736.599999996542,20992.299999998068","4388.899999998102,4801.999999996042,5234.899999995832,5669.999999998254,6115.699999994831,6506.19999999617,6898.299999993469,7301.09999999695,7707.999999998719,8119.89999999787,8525.799999995797,8929.39999999362,9321.699999993143,9759.399999995367,10196.399999993446,10614.79999999574,11043.999999994412,11435.199999999895,11880.399999994552,12290.399999998044,12730.499999997846,13135.79999999638,13557.39999999787,13966.799999994691,14391.799999997602,14774.499999999534,15186.699999998382,15603.199999997742,16046.299999994517,16467.99999999348,16881.59999999334,17296.799999996438,17723.09999999561,18127.8999999995,18555.00000000029,18959.999999999127,19379.299999993236,19781.39999999985,20216.300000000047,20619.499999993423","4693.500000001222,5377.700000004552,6036.200000002282,6695.000000006985,7361.600000003818,8057.100000005448,8699.700000004668,9342.300000003888,10045.00000000553,10681.30000000383,11346.6000000044,12009.20000000042,12693.80000000092,13378.300000003946,14030.400000003283,14681.30000000383,15359.700000000885,15999.300000003132,16688.300000001618,17342.900000003283,18014.400000000023,18683.00000000454,19339.200000002165,20032.40000000369,20672.700000002806,21319.200000005367,22008.50000000355,22670.300000005227,23316.00000000617,23989.70000000554,24657.90000000561","3388.200000001234,3760.6999999989057,4119.299999998475,4453.199999996286,4775.099999998929,5112.099999998463,5448.400000001129,5756.799999995565,6084.199999997509,6419.199999996636,6742.799999999988,7086.100000000442,7426.999999996042,7753.199999999197,8104.299999999057,8431.700000001001,8744.599999998172,9095.199999996112,9422.500000000582,9730.799999997544,10070.800000001327,10415.600000000268,10753.40000000142,11096.599999997125,11435.100000002421,11762.199999997392,12097.499999996217,12408.99999999965,12734.499999998661,13079.899999996996,13436.000000001513,13757.400000002235,14102.69999999582,14444.299999995565,14763.299999998708,15094.100000002072,15422.399999995832,15748.599999998987,16097.099999999045,16445.699999996577,16761.899999997695,17090.799999998126,17416.599999996834,17726.60000000178,18069.99999999971,18424.50000000099,18756.399999998393,19089.599999999336,19434.49999999575,19763.999999995576,20093.000000000757,20419.09999999916,20743.900000001304,21084.799999996903,21425.900000002002,21722.799999995914,22073.599999996077,22430.80000000191,22755.899999996473,23076.600000000326,23409.099999997125,23743.799999996554","4782.100000003993,5539.700000001176,6424.700000003213,7284.1000000044005,8139.400000000023,8911.400000004505,9756.100000005972,10601.300000002084,11421.399999999267,12262.500000004366,13060.000000004948,13970.800000002782,14774.00000000489,15548.000000002503,16327.400000001944,17196.40000000072,18063.00000000192,18897.600000003877,19708.10000000347,20550.900000002002,21421.60000000149,22199.200000002747,23030.100000003586","4514.900000001944,5200.700000001234,5816.299999998591,6436.699999998382,6993.399999999383,7646.999999997206,8290.000000000873,8917.300000000978,9510.600000001432,10103.900000001886,10741.399999998976,11401.599999997416,12006.900000000314,12626.799999998184,13240.899999997055,13894.800000001851,14473.099999995611,15108.59999999957,15710.599999998522,16341.099999997823,16969.100000002072,17582.399999999325,18179.400000000896","8656.79999999702,9694.700000000012,10513.899999998102,11330.09999999922,12330.900000000838,13377.800000002026,14244.700000002922,15090.400000000955,16046.09999999957,16929.1000000012,17871.800000000803,18790.899999999965","4223.200000000361,4640.89999999851,4992.200000000594,5365.399999995134,5811.600000000908,6207.799999996496,6652.000000001863,7080.799999996088,7446.199999998498,7786.000000000058,8120.100000000093,8484.499999998661,8867.399999995541,9266.40000000043,9633.600000001024,9996.200000001409,10389.999999999418,10774.099999995087,11131.19999999617,11491.000000001804,11873.80000000121,12273.499999995693,12666.89999999653,13033.899999994901,13402.19999999681,13781.90000000177,14144.699999997101,14532.099999996717,14882.299999997485,15257.200000000012,15634.09999999567,16016.899999995076","5439.500000000407,6070.899999998801,6703.199999996286,7393.499999998312,8059.999999997672,8743.399999999383,9396.300000000338,10040.499999995518,10716.499999994994,11410.299999995914,12065.699999999197,12712.699999996403,13391.599999995378,14058.299999996962,14720.099999998638,15394.999999996799,16053.49999999447,16714.999999996566,17387.399999999616,18064.09999999596,18736.199999999313,19373.80000000127,20038.09999999794,20739.79999999568,21402.3000000015,22046.199999996985,22720.699999998033,23379.09999999829,24067.299999995215,24742.79999999999","4069.5999999952037,4704.999999994412,5361.399999994319,6065.2999999946915,6706.69999999518,7362.999999997555,8058.29999999702,8719.899999996414,9400.999999998021,10031.099999992875,10693.899999998393,11391.499999997905,12035.19999999844,12687.299999997718,13376.799999998184,14029.499999996973,14703.899999993155,15365.499999999884,16022.699999994133,16681.59999999625,17359.599999996135,18029.69999999914,18706.499999993015,19362.899999992806,20014.400000000023,20696.6999999932,21393.199999998556,22012.299999994924,22698.999999993248,23360.29999999306","3886.800000000221,4223.899999997229,4539.79999999865,4853.299999995215,5161.999999996624,5462.9999999961,5761.800000000221,6073.100000001432,6394.500000002154,6696.700000000419,7025.199999996403,7339.599999999336,7657.599999998638,7979.599999998754,8294.600000001083,8604.200000001583,8921.09999999957,9231.599999999162,9522.299999996903,9797.299999998359,10121.500000001106,10438.999999998487,10764.799999997194,11083.800000000338,11401.499999999942,11709.799999996903,12021.300000000338,12327.19999999972,12640.699999996286,12941.399999996065,13274.700000001758,13592.100000001665,13927.700000000186,14243.69999999908,14551.2000000017,14863.799999999173,15176.899999998568,15486.700000001292,15830.699999998615,16155.399999996007","4316.700000003038,4882.000000005064,5382.400000002235,5891.400000000431,6378.700000001118,6871.800000000803,7366.300000001502,7850.700000002689,8351.300000002084,8844.499999999243,9343.700000004901,9874.700000000303,10358.700000004319,10865.499999999884,11366.000000001804,11847.200000003795,12323.40000000113,12834.600000001956,13334.300000002258,13844.000000004598,14355.500000005122,14859.900000003108,15356.20000000199,15859.700000000885,16335.800000000745,16841.700000004494,17354.900000005728,17851.999999998952,18368.900000001304,18853.800000004412","3848.9000000045053,5115.200000000186,5620.999999999185,6180.800000001909,6695.599999999104,7194.900000002235,7688.800000003539,8150.800000003073,8635.500000003958,9111.000000004424,9596.799999999348,10112.300000000687,10617.300000005343,11141.00000000326,11673.099999999977,12144.500000002154,12629.000000000815,13128.499999998894,13654.500000004191,14191.400000003341,14708.10000000347,15188.500000003842,15647.000000004482,16169.099999999162,16699.000000000524,17198.100000001432,17671.699999998964,18149.40000000206","3033.5000000051223,3408.000000003143,3741.0000000018626,4073.300000003772,4401.300000005052,4729.600000006147,5061.80000000319,5379.700000005076,5725.200000000885,6058.100000002072,6405.100000003586,6740.200000000186,7074.800000002142,7407.300000006333,7733.700000004377,8060.199999999953,8388.100000003818,8736.70000000135,9062.799999999814,9407.300000006333,9749.600000002887,10086.699999999953,10397.00000000454,10745.800000004238,11049.3000000061,11369.800000000512,11708.70000000298,12060.900000004098,12404.000000002328,12737.100000005797,13072.500000002095,13411.400000004563,13738.400000002002,14075.500000006286,14384.600000004983,14719.199999999604,15045.200000000536,15395.500000006054,15739.700000005541,16056.200000006473,16396.700000004843,16708.800000000396,17058.800000006217,17393.8000000054,17725.300000005635,18060.10000000242,18385.800000003772,18718.500000002794,19062.100000002887,19387.00000000256,19730.400000000373,20077.400000002002,20408.500000005122,20751.900000002934,21066.700000003097,21403.200000000652,21717.800000005867,22055.00000000035,22383.20000000391,22704.79999999958,23047.80000000028,23392.100000004633,23718.60000000021","6410.500000005413,6930.100000005041,7428.700000004028,7928.400000004331,8417.800000002899,8911.100000004808,9443.400000003749,9937.5,10421.900000001187,10929.900000002817,11432.300000000396,11938.500000003842,12444.100000000617,12920.500000000175,13414.700000001176,13931.100000001607,14430.500000002212,14932.700000004843,15426.400000003923,15944.500000005064,16429.000000003725,16939.900000004855,17448.300000003655,17930.700000004435,18441.600000005565,18949.200000002747","2873.699999996461,4371.899999998277,4674.0999999965425,5140.599999998813,5823.700000000827,6585.699999995995,7318.999999995867,7593.600000000151,7858.299999999872,8135.199999996985,8384.59999999759,8626.299999996263,8886.200000000827,9144.599999999627,9404.799999996612,9645.700000000943,9890.299999999115,10121.59999999858,10359.700000000885,10615.599999997357,10866.099999999278,11139.499999997497,11371.99999999575,11619.099999996251,11861.400000001595,12111.299999996845,12377.500000002328,12636.200000000827,12872.900000002119,13121.500000001106,13364.900000000489,13620.699999999488,13880.299999997078,14123.099999997066,14358.000000000175,14600.800000000163,14869.599999998172,15108.99999999674,15368.999999998778,15624.900000002526,15877.000000000407,16120.39999999979,16383.799999995972,16613.100000002305,16854.599999998754,17107.9000000027,17364.79999999574,17614.90000000049,17881.999999997788,18141.40000000043,18379.000000000815","5032.40000000369,5417.200000003504,5826.700000005076,6225.600000005215,6629.60000000021,6999.300000003132,7374.600000002829,7749.100000000908,8124.300000003132,8512.000000002445,8885.500000003958,9255.700000001525,9606.700000003912,9983.299999999872,10343.400000005204,10704.300000004878,11085.899999998219,11451.500000002852,11855.400000000373,12211.999999999534,12601.09999999986,12948.7999999983,13329.900000004272,13724.900000001071,14097.399999998743,14476.999999998952,14837.700000003679,15217.799999998533,15603.699999999662,15983.59999999957,16364.09999999887,16733.59999999957,17074.70000000467,17450.900000003458,17817.20000000496,18218.20000000298","4897.299999996903,5401.399999995192,5932.300000000396,6413.000000000466,6904.900000001362,7388.699999995879,7898.699999997916,8427.899999995134,8899.29999999731,9410.299999995914,9896.300000000338,10410.499999998137,10921.199999997043,11415.799999995215,11892.199999994773,12396.00000000064,12909.69999999652,13389.100000000326,13892.49999999447,14390.199999994365,14891.40000000043,15397.09999999468,15901.099999995495,16378.099999994447,16878.79999999859,17374.700000000303,17885.39999999921,18417.499999995925,18927.199999998265,19412.70000000077,19886.599999997998,20393.10000000114,20890.89999999851,21399.199999999837,21910.70000000036,22392.59999999922,22888.200000001234,23370.599999994738",NA,NA,NA,NA,NA,NA,NA,NA,NA,NA,NA,NA,"1","guitar","8",NA,NA,NA,NA,NA,NA,NA,NA,NA,NA,NA,NA,NA,NA,NA,NA,NA,NA
"10","5961d87a9258088949235b99272cecfa536233bc43cba11c236d49cfc492d29c",TRUE,2020-06-19 12:47:03,2020-06-19 12:35:02,"Laptop (external mouse)","Chrome","around-ear headphones","32-33","Male","Germany	","Algeria	","german","Nonmusician","No","Jan","sounds/tempo/poly_tempo_loudness_check.mp3","946.659999999596,1628.2350000001315,2239.2249999993364,2832.2600000001257,3378.3400000002002,3952.295000000042,4511.869999999355,5064.214999999414,5618.164999999863,6224.400000000052,6778.494999999559,7328.26999999996,7878.415000000125,8610.619999999471,9191.764999999577,9765.994999999733,10334.209999999963,10927.894999999786,11479.905000000144,12086.229999999865,12686.200000000099,13256.089999999851,13818.379999999714,14382.219999999506,14920.070000000123,15505.919999999605,16076.114999999845",NA,NA,NA,NA,NA,NA,NA,NA,NA,NA,NA,NA,NA,NA,NA,NA,NA,NA,NA,NA,NA,NA,NA,NA,NA,NA,NA,NA,NA,NA,NA,NA,NA,NA,NA,NA,NA,"2516.6650000001537,2849.0400000000373,3120.8249999999534,3448.9549999998417,3746.4700000000885,4045.2000000005355,4343.810000000289,4635.1250000006985,4916.869999999995,5215.0900000005495,5532.490000000456,5804.944999999832,6106.494999999995,6394.79000000027,6687.585000000545,7014.8300000000745,7296.625,7568.845000000671,7873.000000000466,8180.940000000177,8482.850000000326,8770.965000000666,9056.770000000135,9350.960000000661,9658.870000000228,9950.980000000563,10252.900000000373,10564.989999999874,10862.845000000554,11140.840000000084,11448.795000000275,11700.940000000643,12012.709999999963,12326.829999999958,12622.875,12906.950000000536,13202.879999999888,13516.660000000265,13798.925000000047,14090.785000000382,14415.535000000149,14706.635000000475,15198.720000000321,15406.705000000307,15670.860000000219,15912.82000000053,16178.915000000386,16472.890000000014,16768.979999999865,17072.880000000587,17358.975000000093,17652.985000000685,17945.28500000073,18246.650000000023,18545.38500000036,18856.66500000027,19135.1250000007,19432.96000000008,19765.09500000067","2981.4949999999953,3351.515000000305,3707.400000000256,4029.4700000004377,4347.399999999674,4655.845000000263,4953.300000000163,5291.495000000403,5623.529999999853,5918.824999999779,6219.4749999999185,6531.465000000026,6849.524999999616,7171.330000000133,7510.409999999858,7837.344999999914,8165.7949999999255,8499.46999999974,8775.775000000081,9093.509999999718,9437.240000000224,9759.519999999611,10083.48999999999,10396.695000000356,10723.630000000412,11051.510000000242,11373.679999999702,11697.264999999781,12013.465000000026,12331.46000000037,12655.609999999811,12967.195000000182,13291.559999999648,13607.215000000026,13931.78999999963,14259.514999999723,14581.575000000186,14905.579999999667,15237.229999999749,15545.900000000081,15857.229999999632,16175.669999999634,16497.210000000487,16825.434999999765,17575.02500000008,17836.040000000154,18107.275000000314,18415.790000000037,18757.274999999965,19085.42500000022,19399.454999999783","2279.3400000000256,2550.4899999996414,2842.674999999872,3134.6649999995716,3442.9099999997416,3882.754999999597,4240.4500000002445,4522.815000000235,4790.465000000026,5066.749999999942,5328.989999999991,5598.780000000261,5886.569999999658,6156.8850000003,6438.965000000258,6726.7099999999045,7004.729999999632,7290.6350000003,7576.864999999991,7850.405000000144,8151.4749999996275,8430.515000000014,8704.754999999714,8990.530000000028,9284.759999999544,9548.050000000338,9822.71000000037,10106.490000000107,10378.955000000133,10666.659999999858,10938.979999999865,11220.454999999667,11508.920000000217,11780.504999999714,12069.155000000144,12360.915000000212,12632.744999999879,12920.439999999828,13198.889999999665,13470.459999999555,13752.744999999763,14044.560000000289,14326.610000000044,14620.434999999823,14883.154999999504,15160.434999999765,15442.719999999972,15730.639999999781,15996.66499999963,16274.730000000098,16556.754999999597,16848.89000000019,17136.735000000044,17440.40500000026,17706.74499999947,17988.954999999783,18266.679999999702,18524.800000000105,18810.42499999964,19099.03500000015,19419.40499999962","2630.6949999998324,3024.62000000017,3442.5650000002934,3800.014999999781,4188.07500000007,4602.60000000021,5012.625000000349,5390.084999999963,5798.824999999837,6172.199999999953,6586.435000000172,6998.789999999688,7372.644999999437,7780.329999999609,8144.664999999804,8552.695000000298,8940.364999999525,9344.605000000214,9748.999999999767,10140.370000000112,10535.149999999674,10912.575000000303,11340.35500000033,11704.62500000035,12100.734999999986,12496.629999999655,12900.454999999958,13314.575000000303,13716.60999999952,14094.650000000023,14479.070000000298,14916.575000000186,15266.864999999641,15674.579999999842,16083.630000000121,16466.5699999996,16854.58000000019,17268.76999999967,17686.625000000233,18060.674999999697,18449.029999999795,18830.31000000029,19220.379999999772,19622.62999999989","3045.0950000003795,3405.1449999997276,3743.1750000005122,4095.0400000001537,4432.859999999928,4741.14499999996,5088.945000000414,5406.939999999886,5755.255000000063,6073.035000000324,6411.259999999835,6753.139999999839,7091.054999999877,7413.115000000282,7726.940000000468,8074.7750000000815,8393.065000000235,8745.140000000014,9071.780000000203,9401.085000000428,9756.519999999902,10067.364999999874,10405.260000000475,10733.135000000417,11061.075000000536,11408.86500000034,11751.180000000226,12096.825000000536,12397.020000000368,12724.659999999858,13067.399999999907,13415.254999999888,13723.219999999856,14071.12000000052,14395.279999999737,14762.945000000414,15095.280000000435,15428.945000000589,15761.375000000058,16085.119999999763,16411.160000000556,16755.110000000044,17072.785000000324,17404.645000000542,17732.619999999763,18070.68500000058,18405.209999999905,18744.73000000033,19071.16500000033","5769.835000000079,6312.994999999297,6893.044999999809,7512.969999999739,8122.96499999956,8731.26999999932,9309.624999999884,9849.11499999999,10464.994999999355,11079.289999999688,11695.114999999525,12282.404999999912,12877.869999999355,13400.740000000049,13984.974999999395,14600.764999999199,15230.919999999984,15817.244999999297,16407.044999999925,17517.135000000068,18193.219999999215,18793.00499999954,19392.99499999924,19979.324999999313,20529.15499999927,21132.63999999978,21900.82999999961,22975.13499999966","3703.569999999716,4191.014999999432,4569.340000000026,5023.279999999446,5467.239999999991,5957.0999999996275,6385.204999999609,6836.05499999976,7247.199999999837,7677.024999999965,8171.274999999732,8637.144999999728,9051.609999999579,9463.32499999972,9901.350000000093,10329.334999999439,10783.279999999679,11273.294999999984,11681.429999999644,12157.379999999655,12605.364999999467,13029.349999999802,13477.094999999332,13961.669999999693,14389.49999999936,14813.360000000102,15439.324999999371,15747.024999999674,16151.1700000001,16609.36499999935,17043.305000000168,17491.38499999937,17935.45999999973,18399.31999999954,18849.325000000128,19326.944999999832,19741.13499999931","2491.4950000001118,2737.33499999973,2999.2299999993993,3231.3400000002002,3479.1599999997998,3725.0299999995623,3957.2449999995297,4201.33499999973,4443.514999999898,4676.554999999935,4911.159999999567,5143.519999999553,5371.259999999893,5607.129999999423,5849.285000000149,6103.404999999795,6329.249999999767,6555.274999999674,6787.214999999385,7019.2150000002,7237.169999999343,7469.439999999828,7721.304999999935,7963.579999999609,8209.32499999972,8440.959999999846,8679.22499999986,8921.124999999767,9159.369999999297,9393.654999999795,9607.189999999711,9843.264999999432,10091.084999999963,10329.224999999395,10571.244999999995,10797.21999999939,11049.214999999967,11307.004999999655,11559.199999999604,11795.145000000019,12023.489999999525,12234.974999999395,12477.31500000006,12714.00999999966,12934.929999999353,13199.24999999965,13441.18499999959,13677.259999999427,13919.07499999972,14156.839999999618,14379.25999999966,14624.729999999516,14865.579999999609,15085.030000000144,15331.444999999716,15559.194999999716,15774.97500000021,16015.494999999646,16279.339999999967,16521.119999999413,16769.06499999948,17007.044999999343,17229.045000000042,17471.504999999423,17723.449999999488,17959.289999999688,18197.540000000037,18433.755000000005,18658.13499999966,18897.194999999483,19129.3399999995,19361.224999999627,19593.339999999385","3075.374999999418,3493.0099999991944,3841.4599999996135,4099.679999999353,4411.57500000007,4719.289999999979,5073.155000000028,5375.304999999527,5709.369999999588,6041.719999999215,6390.699999999895,6717.394999999669,7095.585000000021,7417.354999999574,7756.499999999476,8073.099999999569,8394.219999999215,8727.344999999332,9065.539999999572,9382.049999999232,9739.379999999946,10055.309999999707,10403.309999999648,10711.369999999995,11055.38999999949,11382.919999999984,11706.90499999997,12053.21499999991,12377.410000000033,12745.34999999922,13093.084999999497,13405.409999999392,13753.134999999893,14065.380000000005,14383.414999999339,14731.8099999993,15075.684999999765,15397.494999999239,15709.329999999667,16063.044999999867,16405.32499999972,16723.134999999253,17087.36999999924,17395.334999999206,17727.334999999555,18061.464999999735,18403.295000000042,18737.439999999886,19099.334999999846","4587.004999999423,5074.01500000013,5520.714999999676,6034.34500000003,6508.734999999462,7013.030000000086,7538.814999999886,8078.7399999999325,8536.930000000226,9081.479999999865,9558.444999999658,10044.504999999888,10544.479999999574,11052.96999999974,11545.449999999604,12066.714999999967,12586.800000000047,13090.804999999818,13656.72999999969,14114.424999999756,14548.75999999966,15043.48500000016,15536.779999999446,16066.75,16556.765000000305,17056.579999999492,17540.72999999975,18018.629999999597,18518.825000000128,19042.99999999965","2815.4899999999907,3251.3699999999953,3705.049999999581,4155.264999999432,4609.044999999227,5037.014999999898,5476.92499999993,5951.294999999809,6384.9999999993015,6832.770000000019,7257.049999999232,7681.074999999488,8129.129999999423,8609.069999999483,9012.749999999884,9461.539999999339,9941.294999999693,10380.144999999204,10812.739999999409,11251.714999999502,11695.074999999604,12165.089999999502,12598.774999999558,13017.269999999437,13501.289999999222,13951.409999999683,14354.209999999497,14826.999999999302,15276.965000000084,15715.054999999702,16142.834999999614,16597.039999999688,17052.994999999995,17511.284999999567,17964.809999999474,18388.614999999874,18807.02500000014,19297.11499999941,19679.064999999362","2570.759999999602,3070.539999999688,3558.5949999995064,4022.715000000084,4542.599999999744,5043.154999999388,5526.670000000158,6056.68999999942,6560.5649999997695,7028.475000000093,7554.250000000116,8068.870000000054,8532.584999999905,9026.684999999823,9540.649999999907,10034.674999999872,10554.680000000168,11054.654999999912,11545.505000000063,12048.544999999634,12526.189999999595,13053.989999999409,13546.639999999548,14040.659999999683,14540.500000000058,15056.684999999532,15548.609999999811,16062.679999999993,16562.724999999744,17052.659999999392,17556.609999999637,18044.670000000217,18554.28500000015,19038.289999999513","2336.87999999983,2953.510000000242,3601.569999999774,4233.264999999839,4878.990000000165,5498.810000000056,6101.115000000398,6756.099999999569,7396.9200000001,8011.220000000321,8653.229999999865,9283.075000000244,9923.33500000037,10563.044999999867,11209.065000000002,11845.234999999753,12464.845000000438,13075.705000000191,13675.365000000049,14327.215000000258,14983.224999999919,15607.460000000137,16217.330000000366,16898.795000000042,17515.244999999588,18099.17000000039,18754.73500000045,19405.27500000008","3052.155000000319,3720.920000000682,4406.870000000723,5073.000000000349,5751.650000000169,6394.875000000873,7052.160000000207,7730.895000000601,8390.940000000235,9073.130000000703,9733.030000000348,10400.06500000073,11054.720000000088,11715.100000000355,12383.095000000147,13072.940000000031,13702.975000000151,14352.935000000813,15035.055000000284,15725.000000000378,16390.990000000806,17036.91500000062,17716.96000000066,18388.895000000077,19039.115000000515","2492.769999999786,2961.274999999616,3421.2449999995297,3904.6950000001234,4352.85500000004,4854.87999999983,5321.539999999863,5811.574999999721,6259.10500000004,6745.055000000284,7233.114999999991,7716.929999999586,8151.154999999562,8653.63999999949,9115.130000000121,9588.999999999884,10037.11000000016,10527.114999999816,11011.529999999737,11511.375,11935.115000000224,12454.824999999779,12969.409999999683,13387.209999999846,13851.494999999879,14335.10000000021,14829.149999999558,15292.964999999618,15777.114999999816,16271.125000000175,16747.029999999504,17169.06999999989,17669.06999999989,18159.02000000002,18607.079999999725,19107.229999999574,19585.114999999816","2269.45500000054,2501.0600000005215,2720.890000000596,2926.234999999986,3138.3100000002887,3399.1649999998044,3641.225000000326,3881.355000000447,4095.060000000638,4337.175000000629,4611.100000000093,4841.220000000321,5043.515000000363,5271.220000000554,5477.200000000303,5877.204999999842,6381.300000000047,7006.895000000484,7577.020000000717,8217.285000000615,8751.080000000075,9321.219999999856,9937.160000000382,10547.024999999907,11157.224999999977,11725.304999999935,12297.430000000517,12903.79000000027,13503.639999999898,14133.050000000396,14729.155000000028,15273.675000000396,15873.655000000377,16469.245000000228,17064.910000000033,17684.965000000433,18265.94500000018,18835.00499999989,19439.25000000035","5711.0649999994785,6113.024999999674,6507.169999999809,6879.294999999693,7283.559999999823,7707.23499999987,8089.269999999437,8509.174999999232,8917.184999999357,9284.939999999595,9659.014999999315,10087.054999999935,10491.279999999213,10877.144999999437,11253.604999999865,11675.009999999893,12039.219999999623,12453.649999999441,12847.219999999623,13249.084999999497,13627.214999999502,14027.169999999343,14419.264999999548,14808.989999999525,15187.04999999958,15595.214999999385,16019.624999999884,16427.09999999986,16785.094999999274,17179.219999999972,17573.77999999968,17985.00499999954,18353.534999999218,18743.254999999423,19181.25499999954,19574.920000000042,19979.464999999385,20367.19999999972,20715.12499999965,21123.594999999972,21497.199999999837,21901.209999999963,22299.229999999632,22727.249999999884,23125.074999999953,23503.554999999353,23923.530000000028,24331.22999999975,24699.239999999874,25083.73999999999,25461.15499999991,25858.99499999953,26253.859999999753,26661.43499999994,27069.11999999918,27447.249999999185,27847.434999999707,28235.009999999427,28663.689999999362,29021.219999999623,29394.934999999357","3336.090000000695,3722.3899999999267,4096.040000000357,4474.224999999948,4852.280000000057,5220.240000000573,5604.420000000595,5956.500000000233,6330.289999999892,6726.235000000102,7098.359999999957,7476.290000000532,7856.23500000019,8214.150000000693,8588.220000000554,8970.470000000205,9328.440000000235,9706.355000000272,10110.330000000453,10458.405000000319,10842.360000000568,11210.445000000618,11598.420000000275,11952.29999999993,12350.155000000086,12734.375,13101.889999999927,13484.625000000058,13828.505000000412,14206.200000000536,14580.39499999996,14952.295000000071,15310.535000000527,15708.395000000572,16078.340000000026,16476.465000000637,16822.32000000021,17201.020000000426,17568.495000000432,17972.34000000026,18320.44000000044,18702.345000000612,19076.360000000015"
"11","2dfcbadcee0f1eb65775a1bb9f11fb50f3e0f584337645c13c1844faf9524100",FALSE,2020-06-19 13:35:27,2020-06-19 13:35:08,"Laptop (touchpad)","Chrome","around-ear headphones",NA,NA,NA,NA,NA,NA,NA,NA,NA,NA,NA,NA,NA,NA,NA,NA,NA,NA,NA,NA,NA,NA,NA,NA,NA,NA,NA,NA,NA,NA,NA,NA,NA,NA,NA,NA,NA,NA,NA,NA,NA,NA,NA,NA,NA,NA,NA,NA,NA,NA,NA,NA,NA,NA,NA,NA,NA,NA,NA,NA,NA,NA,NA,NA,NA
"12","f185d94c7c20037e3a28194dae89f639d5e6763eb76c2b205e3b877d27b1adf5",TRUE,2020-06-19 09:19:49,2020-06-02 10:34:49,"Laptop (external mouse)","Firefox","my device's internal speakers","18-19 years","Female","Afghanistan	","Afghanistan	","Arabic","Amateur musician","No","Cecilie - tempo, rollermouse, rating = 0 means ""may be cut to shorter duration","sounds/tempo/poly_tempo_loudness_check.mp3","1947,2402,2819,3259,3682,4098,4515,5407,5851,6263,6695,7103,7567,7970,8390,8787,9198,9627,10022,10474,10887,10931,11311,11727,12146,12587,13023,13434,13854,14282,15107,15495,15899,16303",NA,NA,NA,NA,NA,NA,NA,NA,NA,NA,NA,NA,NA,NA,NA,NA,NA,NA,NA,NA,NA,NA,NA,NA,NA,NA,NA,NA,NA,NA,NA,NA,NA,NA,"0","I don't play any instrument","I don't play any instrument","2882,3770,4686,5538,6456,7399,8219,9119,9989,10888,11772,12688,13535,14436,15304,16190,17095,17969,18879,19768","3966,4495,4955,5437,5916,6415,6875,7371,7838,8355,8810,9258,9734,10238,10734,11202,11647,12142,12622,13123,13631,14123,14546,15062,15538,16002,16504,16978,17459,17947,18422,18886,19379","3618,4079,4486,4890,5327,5744,6135,6595,7002,7435,7843,8272,8702,9115,9518,9958,10382,10810,11231,11647,12066,12498,12899,13335,13747,14178,14582,15043,15462,15850,16299,16703,17123,17527,17986,18411,18806,19258,19646","2696,3093,3460,3854,4287,4679,5020,5468,5840,6224,6636,7045,7401,7795,8211,8607,9016,9388,9766,10191,10588,10982,11386,11789,12158,12545,12948,13375,13763,14128,14550,14926,15321,15727,16101,16483,16904,17261,17712,18128,18494,18890,19264,19687","3099,3431,3769,4103,4414,4753,5105,5434,5744,6081,6408,6747,7102,7421,7748,8107,8408,8763,9113,9470,9750,10102,10458,10763,11115,11446,11757,12123,12415,12782,13106,13413,13763,14098,14421,14764,15100,15422,15724,16063,16390,16735,17087,17410,17745,18097,18153,18806,19141","8227,9381,9439,10599,11751,12964,14171,15320,16515,17748,18867,20059,21279,22427","3789,4675,5514,6447,7331,8214,9115,9962,10838,11791,12647,13562,14467,15306,16207,17078,17995,18890,19807","2532,3175,3931,4623,5339,6123,6786,7488,7543,8163,8903,9627,10308,11059,11787,12479,13219,13276,13927,14619,15332,16024,16771,17440,18192,18919,19564","3738,4483,5112,5799,6411,7107,7807,8435,9115,9767,10403,11096,11748,12407,13087,13743,14396,15103,15767,16423,17104,17760,17819,18431,19095","4165,5180,5228,6096,7109,8156,9109,10113,11144,12105,13109,14093,15116,16096,17129,18130,19117","3723,4156,4639,5084,5551,5979,6435,6844,7328,7775,8192,8671,9099,9547,10011,10399,10823,11324,11760,12217,12649,13103,13567,13968,14399,14824,15320,15771,16180,16616,17096,17544,17976,18436,18916,19296,19747","4112,4644,5049,5593,6093,6626,7102,7583,8099,8654,9134,9568,10092,10601,11061,11557,12056,12592,13112,13571,14122,14631,15104,15615,16114,16600,17090,17587,18108,18624,19160","3663,4281,4314,4926,5557,6186,6841,7438,8092,8718,9345,9972,10614,11244,11894,12497,13151,13799,14421,15037,15674,16304,16957,17569,18214,18850,19530","3771,4450,5104,5732,6428,7092,7788,8440,9096,9724,10372,11100,11780,12424,13129,13780,14458,15115,15748,16440,17123,17764,18445,19144","2963,3463,3955,4411,4894,5366,5838,6302,6806,7254,7711,8218,8686,9162,9639,10102,10615,11111,11549,12032,12467,12967,13468,13942,14407,14855,15347,15854,16306,16751,17267,17751,18167,18674,19174,19591","2284,2863,3492,4068,4643,5227,5835,6420,7048,7636,8240,8797,9412,10004,10607,11168,11768,12372,12967,13567,14119,14687,15324,15935,16508,17083,17680,18279,18854,19444","8987,10506,12155,12214,13708,15257,16863,18425,20009,21619,23224,24705,26360,27935,29516","2295,2604,3000,3332,3743,4124,4484,4831,5237,5588,5979,6348,6696,7107,7460,7831,8206,8611,8959,9335,9720,10075,10452,10840,11192,11591,11967,12339,12695,13095,13451,13843,14228,14588,14964,15339,15739,16090,16459,16855,17223,17611,17971,18355,18700,19095"
"13","eadf95f998949aab7c67e7df1419765706be16a2433e19070e00f50744a91068",FALSE,2020-06-19 13:37:43,2020-06-19 13:37:25,"Laptop (touchpad)","Chrome","my device's internal speakers",NA,NA,NA,NA,NA,NA,NA,NA,NA,NA,NA,NA,NA,NA,NA,NA,NA,NA,NA,NA,NA,NA,NA,NA,NA,NA,NA,NA,NA,NA,NA,NA,NA,NA,NA,NA,NA,NA,NA,NA,NA,NA,NA,NA,NA,NA,NA,NA,NA,NA,NA,NA,NA,NA,NA,NA,NA,NA,NA,NA,NA,NA,NA,NA,NA
"14","53b7950c3978c617abe9934d0a8415bd49d8ecefeae8f2bd6296f6a26d1d2636",TRUE,2020-06-19 13:45:42,2020-06-19 13:38:10,"Laptop (touchpad)","Chrome","my device's internal speakers","18-19 years","Female","Brunei Darussalam	","Brunei Darussalam	","Danish","Professional musician","No","Good! Hopefully it+s now saved :)","sounds/pitch/poly_pitch_marimba_loudness.mp3","2510.89000000502,3025.999999998021,3508.555000007618,4013.6099999945145,4557.0799999986775,5150.225000004866,5607.245000006515,6135.745000006864,6627.430000007735,7106.704999998328,7560.205000001588,8020.08499999647,8556.790000002366,9021.594999998342,9445.405000005849,9966.285000002244,10471.384999997099,10991.974999997183,11455.860000001849,11934.890000004089,12425.914999999804,12909.260000000359,13371.255000005476,13835.319999998319,14330.734999995911,14888.739999994868,15877.955000003567,16396.38500000001",NA,NA,NA,NA,NA,NA,NA,NA,NA,NA,NA,NA,NA,NA,NA,NA,NA,NA,NA,NA,NA,NA,"3246.640000012121,3825.9850000031292,4470.495000001392,5056.580000004033,5731.610000002547,6371.3300000090385,7050.240000011399,7713.605000011739,8392.240000001038,9063.965000008466,10513.735000000452,11203.175000002375,11918.600000004517,13252.02500000887,14614.555000007385,16155.445000011241,16807.23500000022,17485.820000001695,18127.50000000233","3863.7949999974808,4300.484999999753,4799.360000004526,5204.945000004955,5639.095000005909,6128.855000002659,6654.240000003483,6976.845000011963,7393.040000009933,7876.805000007153,8304.73499999789,8798.909999997704,9239.950000002864,9615.120000002207,10083.23499999824,10492.400000002817,10963.750000009895,11392.030000002705,11861.430000004475,12305.120000004536,12771.515000000363,13164.320000010775,13494.920000011916,13922.700000010082,14421.419999998761,14878.330000006827,15365.60499999905,15814.930000007735,16269.385000006878,16702.270000008866,17156.735000011395,17604.390000007697,17994.26000000676,18434.16000000434","2502.265000002808,3290.900000007241,3884.7900000109803,4573.669999997946,5253.1549999985145,6026.760000007926,6612.375000011525,7380.27000000875,8002.315000005183,8635.920000000624,9244.619999997667,9887.32500000333,10555.520000008983,11182.0149999985,11796.905000010156,12462.630000009085,13808.59000000055,14520.329999999376,15209.094999998342,15945.01000001037,16859.92500001157,17303.475000007893,17884.640000003856,18529.900000008638","2407.5299999967683,3010.3150000068126,3589.7750000003725,4137.589999998454,4658.595000000787,5622.849999999744,6209.770000001299,6703.779999996186,7197.670000008657,7705.604999995558,8238.295000002836,8736.390000005485,9216.100000005099,9692.674999998417,10240.635000009206,10705.004999996163,11155.020000005607,11584.935000006226,12148.570000004838,12574.99999999709,13067.934999999125,13530.014999996638,14103.499999997439,14592.050000006566,15104.650000008405,15555.915000004461,16042.815000007977,16575.29500000237,17093.52999999828,17620.649999997113,18149.069999999483,18641.64499999606,19105.42500000156","3180.769999991753,3829.6949999930803,4472.104999993462,5083.409999992,5820.479999994859,7168.204999994487,7875.229999990552,8555.945000000065,9149.854999996023,9817.410000003292,10489.969999995083,11170.304999992368,11821.2649999914,12502.429999993183,13205.144999999902,13860.115000003134,14486.139999993611,15143.794999996317,15817.88499999675,16490.929999999935,17099.28999999829,17780.019999991055,18437.804999994114,19105.054999992717","4019.5050000038464,4476.965000008931,4994.600000005448,5490.885000006529,5972.995000003721,6465.3850000031525,6978.310000005877,7487.285000010161,8015.555000005406,8528.950000007171,9011.550000010175,9496.035000003758,10039.815000011004,10553.395000009914,11066.149999998743,11572.274999998626,12096.040000003995,12596.455000006245,13082.779999997001,13641.734999997425,14165.345000001253,14859.785000007832,15871.180000001914,16436.22499999765,17530.220000000554,18455.079999999725,18763.95500000217","5867.9899999988265,6264.890000005835,7108.955000003334,7750.404999998864,8487.844999996014,9147.750000003725,9893.65500000713,10518.364999996265,11110.530000005383,11853.629999997793,12498.185000004014,13144.404999999097,13824.384999999893,14498.349999994389,15150.739999997313,15841.090000001714,16485.55500000657,17175.575000001118,17768.55500000238,18405.58500000043,19064.654999994673","4480.604999989737,5255.844999992405,5876.814999995986,6504.90999998874,7189.1799999866635,7896.604999987176,8512.149999995017,9267.159999988507,9917.405000000144,10548.73999999836,11204.994999992778,11753.049999999348,12388.9349999954,13037.669999990612,13701.929999995627,14404.864999989513,15005.47999999253,15536.514999999781,16234.440000000177,16842.50999998767,17535.519999990356,18258.679999999003","2887.0000000024447,3451.0050000099,4602.220000000671,5158.725000001141,5746.145000011893,6425.165000007837,7055.5700000113575,7758.205000005546,8419.070000003558,9064.455000014277,9679.390000004787,10349.185000013676,11030.790000004345,11665.600000007544,12464.560000007623,13137.705000001006,13868.285000004107,14462.44500001194,15111.260000005132,15692.155000011553,16255.615000001853,16855.140000014217,17531.455000003916,18156.100000007427","3235.4250000062166,3850.0350000103936,4506.850000005215,5160.385000010137,5848.005000007106,6506.445000006352,7105.08999999729,7720.835000000079,8317.370000004303,8999.414999998407,9692.065000010189,10313.925000009476,10947.955000010552,11628.315000009025,12246.624999999767,12895.820000005187,13510.75500001025,14138.875000004191,14719.794999997248,15260.640000007697,15809.5350000076,16393.584999997984,17029.959999999846,17681.49000000267,18283.110000003944,18893.33500000066","4694.57500000135,5189.924999998766,5626.149999996414,6127.565000002505,6567.269999999553,7040.959999998449,7438.389999995707,7870.995000004768,8339.984999998705,8768.450000003213,9213.414999991073,9667.845000003581,10126.854999994976,10529.03000000515,10983.794999992824,11393.654999992577,11841.390000001411,12284.159999995609,12740.680000002612,13180.005000001984,13610.069999995176,14033.63000000536,14477.929999993648,14930.565000002389,15361.260000005132,15839.970000000903,16247.239999996964,16783.339999994496,17177.859999996144,17622.95499999891,18015.20999999775,18435.050000000047","2408.9099999982864,2945.1549999939743,3768.159999992349,4532.015000004321,5168.130000005476,5893.389999997453,6489.845000003697,7236.959999994724,7817.985000001499,8574.915000004694,9236.235000003944,9897.93500000087,10534.350000001723,11243.824999997742,11886.769999997341,12538.944999992964,13214.905000000726,13880.275000003166,14536.905000000843,15173.735000003944,15774.984999996377,16410.665000003064,17100.414999993518,17769.62999999523,18486.334999994142","6 or more","xylophone","2",NA,NA,NA,NA,NA,NA,NA,NA,NA,NA,NA,NA,NA,NA,NA,NA,NA,NA
"15","cc8afe7243a9c8ec8842f4d99d279da6c3f42d29c87778bb39863cc03dea24d4",TRUE,2020-06-19 13:41:56,2020-06-19 13:35:54,"Laptop (touchpad)","Chrome","around-ear headphones","32-33","Male","Afghanistan	","Afghanistan	","Arabic","Nonmusician","No","Jan","sounds/pitch/poly_pitch_marimba_loudness.mp3","2107.740000001286,2724.2300000016257,3310.540000000401,3908.020000000761,4494.480000001204,5081.180000001041,5708.795000000464,6316.455000000133,6913.510000000315,7490.075000001525,8088.235000001077,8654.600000001665,9241.640000000189,9839.535000000978,10406.615000001693,11014.370000000781,11591.170000001512,12197.910000000775,12784.605000000738,13361.470000001646,13927.81500000092,14504.045000001497,15100.930000000517,15687.900000000809,16257.965000000695",NA,NA,NA,NA,NA,NA,NA,NA,NA,NA,NA,NA,NA,NA,NA,NA,NA,NA,NA,NA,NA,NA,"1961.9000000002561,2855.125000000058,3541.44499999893,4230.979999998468,4879.025000000198,5568.579999999201,6227.644999999029,6845.454999998765,7473.355000000098,8194.144999999495,8863.649999999325,9553.130000000237,10191.519999998505,10839.554999998654,11468.31500000006,12166.174999998475,12824.674999999843,13493.724999998463,14192.699999999604,14860.854999998992,15530.029999999912,16198.809999999881,16866.359999999986,17546.14500000025,18215.589999999793,18864.919999999984","2167.1800000003423,2825.7600000015227,3302.274999999965,3738.3900000004214,4459.535000001779,4461.670000000566,5332.800000000105,5335.015000000538,6215.765000000829,6218.210000000894,7107.900000000838,7109.995000000694,7736.730000000505,8202.13000000146,8890.965000000491,8893.005000001693,9792.805000000924,9794.875000001397,10694.355000001437,10696.840000000491,11546.190000000875,11548.335000001302,12467.70500000089,12469.950000000594,13350.020000001648,13352.105000001728,14241.680000000983,14243.800000000163,15103.620000001625,15106.200000000128,16006.415000001609,16008.830000000657,16898.350000001257,16900.470000000438,17821.765000000596,17825.33000000147","2475.204999998823,2924.539999999979,3375.3999999990046,3811.5099999995437,4275.49499999985,4691.269999999349,5125.109999999026,5549.149999998917,5975.934999998572,6411.219999999943,6896.159999998432,7322.339999998803,7769.209999998566,8205.749999999156,8660.809999999386,9095.81999999864,9512.18999999945,9977.789999999019,10382.819999998901,10819.539999998611,11265.219999999303,11700.75499999986,12145.424999998795,12571.434999999852,12996.549999999843,13454.66499999931,13848.059999998455,14284.564999999915,14749.569999999949,15185.094999998895,15621.544999999955,16046.29999999996,16482.109999999026,16928.514999999607,17397.954999998532,17860.324999999633,18304.564999998547","1539.4149999992806,2756.5049999993644,3505.7849999993923,4185.050000000047,4853.214999999211,5532.134999999485,6169.839999998629,6818.0649999994785,7466.239999999758,8154.60499999969,8833.029999999795,9511.094999999856,10160.184999998834,10828.774999999965,11487.139999999257,12156.390000000072,12815.744999999879,13474.894999999378,14142.16499999928,14830.309999999357,15520.699999999139,16180.365000000165,16829.37499999936,17489.089999999094,18188.389999999374,18837.469999998575","2858.2549999991897,3527.799999999843,4217.394999999669,4846.19500000008,5535.219999999754,6193.62000000001,6853.100000000268,7501.295000000027,8159.675000000789,8849.604999999428,9538.215000000491,10177.159999999276,10815.075000000434,11462.44999999908,12121.21499999921,12789.774999999281,13499.299999999494,14187.514999999621,14846.724999999424,15556.539999999586,16204.565000000002,16863.680000000386,17533.895000000484,18173.389999999927,18831.72999999988","1903.0200000015611,2875.1400000001013,3544.574999999895,4194.210000001476,4863.490000001533,5531.130000001198,6168.9050000004645,6796.555000000808,7474.765000000858,8133.650000001566,8852.80000000057,9510.540000001114,10158.075000001205,10826.670000000362,11495.450000000332,12164.63000000114,12842.820000001666,13521.615000001475,14180.105000001291,14837.645000001445,15505.355000001146,16154.45499999987,16822.149999999965,17500.86499999996,18179.48000000071,18837.740000000835","2825.890000000072,3515.9750000002678,4184.929999999469,4834.349999999162,5504.25499999983,6204.499999999825,6813.104999999283,7481.899999998859,8181.764999999374,8851.295000000391,9499.884999999253,10189.09499999974,10857.799999999756,11537.924999998708,12196.694999998726,12866.029999999213,13504.609999999986,14174.659999998752,14833.639999998908,15512.525000000081,16202.34999999957,16862.020000000484,17501.129999998724,18181.150000000373,18849.514999999898","1899.6050000005198,2355.634999999893,2821.345000000292,3286.825000001045,3722.5450000005367,4158.310000000711,4603.680000000168,5028.800000000047,5484.950000000026,5930.804999999964,6387.029999999868,6812.3150000010355,7257.730000001175,7936.235000001034,7938.5350000011385,8575.565000001006,9265.29500000106,9267.85000000018,10156.160000000455,10158.355000001393,10835.135000001173,11554.525000001377,11556.840000001102,12407.670000000508,12409.890000000814,13328.36000000134,13330.760000000737,14200.0850000004,14202.300000000832,15061.81000000106,15064.795000000231,15963.475000000471,15966.340000000855,16885.7050000006,16887.770000001183,17767.305000001215,17769.50500000021,18426.155000001017","3557.699999999386,3560.9800000001997,4187.125000000378,4875.495000000228,4877.599999999802,5777.469999999084,5779.554999999164,6658.444999999119,6660.63000000031,7560.52500000078,7562.475000000632,8433.15000000075,8435.159999999087,9314.925000000585,9317.064999999275,10248.214999999618,10250.340000000506,10876.599999999598,11557.01500000032,11559.489999999641,12439.25499999932,12442.160000000513,13331.384999999485,13334.269999999378,14224.130000000529,14226.220000000467,15104.299999999057,15106.739999999263,15764.569999999367,16454.499999999825,16456.684999999183,17315.91999999911,17318.20499999958,18216.92000000074,18219.465000000142","2834.824999999895,3503.024999999965,4200.890000000072,4848.915000000503,5528.9050000010175,6207.645000000426,6854.119999999966,7492.2200000000885,8171.524999999732,8830.050000000483,9508.680000000808,10125.535000001022,10783.370000001014,11502.790000000445,12171.000000000291,12819.09000000087,13508.315000000934,14175.675000000396,14844.23500000048,15491.765000000654,16180.454999999725,16839.35500000007,17488.494999999588,18178.294999999693,18857.990000000427","3754.74500000017,4180.904999999271,4657.525000000547,5338.1850000005215,5340.394999999262,5987.5150000007125,6443.279999999504,7153.454999999667,7155.955000000191,8024.455000000657,8027.0500000005995,8865.82000000088,8868.155000000115,9756.665000000794,9759.099999999307,10667.750000000524,10669.905000000668,11539.90499999962,11542.554999999993,12463.77000000031,12466.280000000552,13354.180000000284,13356.750000000815,14236.919999999373,14239.129999999946,15107.49000000034,15109.710000000632,16052.139999999781,16054.244999999355,16914.90999999951,16917.71999999945,17787.404999999126,17789.95500000019","2120.020000000295,3265.1650000007066,3730.0799999993615,4439.824999999473,4442.730000000665,5047.065000000657,5736.645000000863,5739.175000000614,6384.5949999995355,7095.245000000432,7097.929999999906,7722.5799999996525,8414.199999999255,8434.465000000273,9302.574999999706,9305.270000000746,10194.294999999329,10196.724999999788,11116.014999999607,11118.845000000874,11997.240000000602,11999.799999999595,12879.194999999527,12881.735000000845,13770.544999999402,13773.284999999305,14683.414999999513,14686.100000000806,15270.264999999199,16020.469999999477,16023.559999999634,16883.405000000494,16885.949999999866,17785.4499999994,17788.27000000092",NA,NA,NA,NA,NA,NA,NA,NA,NA,NA,NA,NA,NA,NA,NA,NA,NA,NA,NA,NA,NA
"16","c078ae97c47d94008549eefc1dfae86edbc919306fa6c8fd5fce95269505dab3",FALSE,2020-06-19 09:41:37,2020-06-19 09:41:19,"Laptop (external mouse)","Edge","my device's internal speakers",NA,NA,NA,NA,NA,NA,NA,NA,NA,NA,NA,NA,NA,NA,NA,NA,NA,NA,NA,NA,NA,NA,NA,NA,NA,NA,NA,NA,NA,NA,NA,NA,NA,NA,NA,NA,NA,NA,NA,NA,NA,NA,NA,NA,NA,NA,NA,NA,NA,NA,NA,NA,NA,NA,NA,NA,NA,NA,NA,NA,NA,NA,NA,NA,NA
"17","aa377dc4ae262a35595980baca6a820aca772fb3e71b21058f0d90a70dc35d78",FALSE,2020-06-19 09:42:27,2020-06-19 09:42:13,"Laptop (external mouse)","Edge","my device's internal speakers",NA,NA,NA,NA,NA,NA,NA,NA,NA,NA,NA,NA,NA,NA,NA,NA,NA,NA,NA,NA,NA,NA,NA,NA,NA,NA,NA,NA,NA,NA,NA,NA,NA,NA,NA,NA,NA,NA,NA,NA,NA,NA,NA,NA,NA,NA,NA,NA,NA,NA,NA,NA,NA,NA,NA,NA,NA,NA,NA,NA,NA,NA,NA,NA,NA
"18","ff1841be79569b19abcbdc9c85aa4a679a42412cb4c94b36ae392a4e45c49687",FALSE,2020-06-19 09:55:56,2020-06-19 09:55:44,"Laptop (external mouse)","Edge","my device's internal speakers",NA,NA,NA,NA,NA,NA,NA,NA,NA,NA,NA,NA,NA,NA,NA,NA,NA,NA,NA,NA,NA,NA,NA,NA,NA,NA,NA,NA,NA,NA,NA,NA,NA,NA,NA,NA,NA,NA,NA,NA,NA,NA,NA,NA,NA,NA,NA,NA,NA,NA,NA,NA,NA,NA,NA,NA,NA,NA,NA,NA,NA,NA,NA,NA,NA
"19","3286f909a5843bc3ed55631da6bcc9ed983a258b48aa2e29d464cf5b3fcf0c00",FALSE,2020-06-19 09:56:38,2020-06-19 09:56:25,"Laptop (external mouse)","Edge","my device's internal speakers",NA,NA,NA,NA,NA,NA,NA,NA,NA,NA,NA,NA,NA,NA,NA,NA,NA,NA,NA,NA,NA,NA,NA,NA,NA,NA,NA,NA,NA,NA,NA,NA,NA,NA,NA,NA,NA,NA,NA,NA,NA,NA,NA,NA,NA,NA,NA,NA,NA,NA,NA,NA,NA,NA,NA,NA,NA,NA,NA,NA,NA,NA,NA,NA,NA
"20","eb04b230ffe667f30e04e7a8ad92524f849acb10836cd331b05d80eb9822bb2e",FALSE,2020-06-19 09:57:04,2020-06-19 09:56:52,"Laptop (external mouse)","Edge","my device's internal speakers",NA,NA,NA,NA,NA,NA,NA,NA,NA,NA,NA,NA,NA,NA,NA,NA,NA,NA,NA,NA,NA,NA,NA,NA,NA,NA,NA,NA,NA,NA,NA,NA,NA,NA,NA,NA,NA,NA,NA,NA,NA,NA,NA,NA,NA,NA,NA,NA,NA,NA,NA,NA,NA,NA,NA,NA,NA,NA,NA,NA,NA,NA,NA,NA,NA
"21","11b6a1b5048f646e1efd5572f119dbc3f1c124a47651663399261e7f18094780",FALSE,2020-06-19 09:57:28,2020-06-19 09:57:15,"Laptop (external mouse)","Edge","my device's internal speakers",NA,NA,NA,NA,NA,NA,NA,NA,NA,NA,NA,NA,NA,NA,NA,NA,NA,NA,NA,NA,NA,NA,NA,NA,NA,NA,NA,NA,NA,NA,NA,NA,NA,NA,NA,NA,NA,NA,NA,NA,NA,NA,NA,NA,NA,NA,NA,NA,NA,NA,NA,NA,NA,NA,NA,NA,NA,NA,NA,NA,NA,NA,NA,NA,NA
"22","66a96641d66e4c638f890fb792297e401a1bb0b7f1a66e7b7e1b6d60d2e092ae",FALSE,2020-06-19 09:57:52,2020-06-19 09:57:37,"Laptop (external mouse)","Edge","my device's internal speakers",NA,NA,NA,NA,NA,NA,NA,NA,NA,NA,NA,NA,NA,NA,NA,NA,NA,NA,NA,NA,NA,NA,NA,NA,NA,NA,NA,NA,NA,NA,NA,NA,NA,NA,NA,NA,NA,NA,NA,NA,NA,NA,NA,NA,NA,NA,NA,NA,NA,NA,NA,NA,NA,NA,NA,NA,NA,NA,NA,NA,NA,NA,NA,NA,NA
